SAMPLE,BIOMASS_MG_M3
206-9,11.3333
206-33,7.7333
206-45,17.4667
271-25,1.1333
271-33,6.4
271-73,7.8667
268-33,8
268-41,28
244-45,0.8
244-81,2.4667
65-33,2.9333
65-37,2.4
300-29,1.0667
300-33,1.8
300-57,2.2
269-49,8.8
298-17,5
299-9,1.6
299-85,5.8667
296-29,3.5333
305-13,4.4667
305-17,6.3333
305-25,8.9333
305-45,16.4
305-57,17.8
304-13,5.2667
304-45,4.8667
304-57,12.4
306-9,2.0667
302-9,3
302-13,2.1333
302-69,2.2
242-29,6
324-85,1.4667
332-21,6.8667
245-69,0.8667
245-53,2.2667
245-41,3.4
367-61,3.1333
367-73,2.7333
360-73,1.6667
364-73,9.4667
364-13,6.4
366-53,1.3333
254-37,8.1333
254-41,8.4
213-17,6.4
213-21,9.9333
213-65,5.4
324-9,1
343-73,5.1333
333-25,1.0667
214-81,3.2667
385-1,1.8
385-9,6.6667
385-33,10.7333
385-77,0.9333
381-5,25.4
381-17,12.9333
392-9,18.7333
269-13,4.6667
213-25,32.1333
307-33,2.3333
307-41,3.0667
307-61,3.3333
308-57,2
322-13,2.6
309-33,6.6
309-49,4
332-61,6.6667
330-29,7.2
330-37,4.8667
316-69,0.2
316-33,1
315-1,1.6
315-17,2.5333
321-33,32.5359
350-29,0.2
359-21,3.6667
321-49,4.3563
349-41,1
349-53,0.9333
360-33,7.5333
366-33,0.1333
366-37,0
339-1,1.6
354-9,3.4
354-41,1.8
212-5,2.3333
212-53,2.2
212-61,0.6
213-57,12.6
213-49,3.2667
178-65,16.2
211-41,35.7333
270-1,4.8
270-5,6.8667
270-33,1.8
270-45,5.8
270-49,5.2667
270-65,2.7333
268-49,12.1333
239-13,8
297-21,2.3333
297-85,8.8667
297-81,12.7333
300-89,1.3333
415-33,1.0667
418-41,4.9333
426-25,5.1333
426-29,4.3333
426-53,4.8667
427-13,2.0667
427-53,7.6
445-21,1.5333
445-5,10.9333
298-53,4.4
242-5,4.2667
308-49,1.1333
306-57,3.4667
306-69,0.6667
348-41,10.2
348-45,3.2
322-21,1.4667
322-37,3.5333
328-37,2.6
328-57,8.5333
309-25,11
332-13,4
316-45,6.2
321-17,5.8537
350-25,1.8667
350-53,1.8667
321-53,1.8378
321-69,10.6865
359-29,7.2
359-61,2.5333
344-77,2.4
344-21,11.8667
245-89,2.0667
367-1,0
367-13,0.0667
362-21,2.9333
362-29,3.8
362-73,3.9333
358-17,6.8667
373-73,1.0667
373-97,1.3333
373-105,1.1333
311-33,7.2667
339-37,9.5333
241-21,2.6667
241-45,3.6667
241-77,1.3333
339-61,15.9333
13-42,3.9333
19-2,5.3333
19-50,3.9333
69-30,41.2667
69-66,15.4
136-10,4.2667
1-46,3.6
3-34,1.1333
14-50,1.4667
135-46,0.4667
8-14,2.2
8-62,4.2
9-10,2.1333
9-30,1.4667
108-62,0.1347
108-86,0.4713
1-2,2.6
66-70,5.8667
69-6,12.8
77-58,0.2
18-54,6.5333
51-22,3.6
82-66,0.5333
4-30,2.4775
45-50,0.3333
100-74,1.0667
5-14,3.4667
12-6,1.2
66-34,3.6
66-66,6.9333
135-14,2.4
8-82,1.3333
4-50,1.4865
6-90,3.3333
69-50,9.5333
69-78,5.2
100-42,1.6
3-6,0.2667
3-66,2
7-38,2.131
66-74,13.0667
82-54,0.6667
2-62,2.0667
2-90,0.1333
13-62,0.8667
13-74,3
15-34,0.2
108-22,2.02
108-58,1.5487
5-10,5.1333
7-42,2.6282
7-58,3.3386
6-46,4
13-58,0.9333
77-94,0.0667
108-30,0.1347
7-6,4.262
12-74,1.4667
14-62,0.0667
82-38,1.4667
98-2,1.2667
2-22,0.9333
8-74,1.4
4-14,8.9191
6-54,4.2667
9-18,1.8
77-30,0.3333
77-34,0.2667
108-18,2.2893
108-66,0.9427
12-10,1.4
14-82,2.2
66-54,6.2667
135-38,1.1333
2-86,0.4667
8-54,2.4
390-41,6.6667
431-25,3.9333
431-45,5.0667
431-49,5.0667
431-53,6
401-17,18.6
401-25,6.6667
401-33,3
402-37,9.3333
402-57,6.1333
403-13,3.8667
403-49,6.9333
403-61,2.2667
408-5,2.4667
398-9,3.8
398-13,14.8
398-29,4.3333
112-45,1.4
112-37,2.1333
265-45,1.0667
265-49,1
265-57,6.1333
265-61,0.6667
207-9,0.1333
207-37,2.0667
389-13,5.1333
412-17,0.3333
412-21,0.6667
412-25,2.4667
412-69,3.0667
249-1,3.2
249-9,1.2667
413-57,3.8
413-69,19.4
414-5,10.3333
414-61,2
415-9,1.6667
415-21,2.8
416-85,2.4
438-41,18.1333
428-9,1
428-41,1.2667
422-61,8
418-1,3.9333
432-53,5
418-17,2.8667
478-1,2.2
469-17,3.2667
455-41,3.2
452-53,2.8667
452-65,7.4
442-21,3.2667
453-29,9.1333
448-21,4.7333
448-25,5.6667
454-17,13.2667
457-53,3.7333
452-5,3.1333
452-13,2.9333
452-25,3.2
452-29,6.8
451-29,4.3333
450-33,2
450-69,8.8667
458-25,1.7333
459-21,2.4
467-53,7.7333
469-25,8.8667
483-17,3.6
483-29,18.4
514-1,2
490-5,0.6
505-13,13.5333
536-49,5.0667
535-1,1.2
535-5,1.68
535-33,1.5
535-53,3.6
521-61,2.3333
521-69,1.4
518-29,4.6
520-1,0.4
520-57,13.9333
441-37,1.4667
442-49,7.0667
442-53,9.8667
442-61,9.6
424-33,3.6667
454-45,7.4667
455-29,14.4667
456-5,105.2667
456-9,141.4667
456-57,3.4667
458-33,6.4667
464-37,2.7333
482-85,3.2
513-5,2.3333
490-1,0.4
519-65,3.2
517-21,2.2667
517-41,5.9333
516-9,1.8
516-49,5.6
516-53,6.3333
516-69,4.3333
458-65,2.3333
458-77,4.9333
441-33,0.5333
446-29,2.8
479-5,1
391-49,12.5333
464-57,2.6667
463-5,2.9333
491-9,1.0667
495-1,0.7333
537-13,0.6667
537-29,1
537-37,3.6667
505-29,4.4
442-5,3.2
449-73,5.6
455-9,4.0667
457-17,3.5333
457-25,6.9333
457-45,8.6
514-53,7.5333
486-9,0.6667
487-5,0.3333
488-5,0.8
467-9,2.8
480-37,3.6667
481-53,7.6
178-29,7.3333
206-17,5.2667
206-37,6.6667
65-9,1.8
211-17,28.8667
268-61,2
239-49,3
244-25,13.0667
244-33,4.2
297-1,1.5333
269-29,10.7333
269-53,7.4667
298-13,5.8
298-21,6.5333
240-9,8.1333
298-37,5.6667
298-33,4.9333
299-21,1.2
299-29,1
305-5,9.5333
305-89,11.4667
296-49,1.0667
308-5,1.6
308-25,0.6
304-1,1.4
306-5,0.4667
302-33,2
302-73,1.9333
302-85,4.6667
242-21,15.6667
306-61,1.8
325-21,1.4
325-13,0.6
325-25,0.5333
325-17,0.4667
324-61,0.4
322-5,4.2
346-9,0.8
346-17,1.2
346-29,1.3333
346-49,2.4
346-81,5.2
322-73,4.8667
245-49,2.6
245-1,1.2667
367-65,15.1333
360-81,2.8667
366-45,1.9333
366-81,4.8667
365-21,4.2667
365-57,1.6
358-5,2.6667
358-45,4.6667
358-49,2.5333
358-81,21.9333
358-93,14.3333
254-21,11.5333
213-9,19.6
213-1,6.2667
213-69,2.9333
297-13,3.6
297-17,1.9333
324-33,0.6667
343-25,2.6667
343-37,2.8
343-41,7.8
333-21,2.1333
214-61,2.9333
214-73,5.2667
385-29,7.5333
385-45,2.8
385-57,1
385-69,0.7333
381-1,13.2
381-9,23.0667
384-1,1.4
384-17,0.8667
384-37,11.6
392-17,10
240-41,7.3333
240-45,4.3333
307-1,3.7333
307-17,3.0667
325-45,0.7333
309-45,4.4
323-69,3.3333
332-9,1
332-45,10.5333
332-77,6.1333
330-1,2.8667
330-17,7.2
330-33,4.5333
330-73,1.8
316-21,3.6
315-33,0.5333
359-1,4.4
321-41,15.0427
321-57,0.7487
350-21,2.6
360-1,3.6
349-5,1.4
349-9,1
349-33,2.2
344-41,5.2667
354-13,4.8
212-25,1.1333
212-45,1.6667
178-53,1.8667
178-73,8
211-37,32.7333
64-25,1.8667
270-25,4.0667
268-5,6.6
239-33,2.7333
244-65,7.8
297-25,8.1333
269-9,8.7333
416-45,12.8667
390-25,5
390-5,6.7333
390-1,4.9333
426-45,4.4
427-45,5.8667
422-29,2.9333
422-33,2.3333
445-61,6.4667
445-1,4.7333
298-57,3.6667
308-37,0.8
306-73,1.7333
322-29,3.3333
322-41,0.9333
309-5,7.3333
332-33,3.8667
316-29,7.2667
315-25,1.1333
350-37,2.8
350-69,1.3333
321-77,1.021
350-9,1.2667
350-5,0.6
359-33,32.7333
359-57,4.6
245-13,2
372-21,0.9333
336-1,7.2
336-17,17.8667
362-1,0.7333
362-25,2.4667
362-41,2.2667
362-45,3.4667
311-45,7
358-13,4.0667
358-25,3.1333
373-5,1.9333
373-9,2.0667
373-33,1.8
373-41,2.7333
373-101,1.4
311-1,4.6
311-29,3.9333
339-13,8.4
241-5,3.6667
241-9,1.9333
241-17,1.8667
241-25,5.0667
241-29,11.1333
241-33,22.2
241-49,3.2
241-57,5.5333
214-1,2.4
214-25,3.9333
9-2,1.2667
9-14,3.4667
83-38,2.4667
3-82,1.2
66-2,4.8
66-10,1.2
82-26,3.6
82-30,0.7333
8-38,0.2
6-30,1.9333
19-14,2.4667
100-90,3.0667
100-94,1.6667
14-30,0.2
43-50,1.3933
51-46,2.4
82-34,0.4667
6-42,1.4667
19-38,6.1333
45-18,2.5333
83-62,2.6
12-30,1.8
51-50,5.4667
6-86,1.8
13-66,0.4
3-38,1.2667
14-2,0.9333
82-58,0.4667
2-66,3.4
4-2,2.4775
69-22,7.6667
77-18,0.2667
77-74,0.8
5-22,5.4
7-18,2.5572
7-26,2.4862
43-66,5.5
4-38,2.1944
69-58,10.4
108-42,2.4913
14-86,1.2667
51-14,2.8
51-42,7.3333
4-34,6.0169
45-58,0.8
5-6,3.8667
5-18,4.7333
14-22,0.0667
51-38,4.3333
2-94,4.4
8-6,2.6
13-14,1.3333
19-78,9
45-34,2.8
83-2,2.8667
1-27,2.3333
14-10,0.2
431-61,3.8
431-69,4.2667
392-65,4.5333
400-13,2.5333
402-69,13.0667
402-81,2.7333
404-13,15.0667
404-33,24.1333
404-85,4.4
408-49,2.8
408-61,5.6667
408-65,3.4
408-73,4.8
408-77,1.4667
381-53,14.8667
398-1,14.6667
398-21,5.2667
398-33,8.9333
398-45,5.4667
398-69,4.4667
112-9,4.3333
112-33,2.5333
112-49,1
112-57,2.4667
112-69,3.2
265-1,0.4667
265-5,1
265-9,1
207-81,1.5333
389-1,6.1333
389-29,7.0667
389-45,9.7333
412-41,1.2667
249-17,1
249-53,2.4667
249-61,2.2
413-17,3.0667
413-25,3
413-41,7.4667
414-17,22.6667
414-21,23.0667
414-25,12.0667
414-41,4.6667
414-69,2.8667
414-73,2.6
414-85,5.4
415-17,1.3333
390-57,4.6667
390-53,7.9333
390-29,7.4
422-45,10.0667
415-65,3.1333
415-73,2.8667
416-49,3.9333
418-21,4.8667
438-9,9.3333
438-45,7.5333
438-73,1.6667
432-65,5.4
417-9,1.4667
428-1,0.3333
417-33,6.0667
432-5,2
422-5,7.6667
467-41,4.5333
469-5,14.4
494-9,3.4
519-57,5.9333
455-53,4.6
452-61,3.6667
443-9,1.3333
448-29,4.8667
448-45,13.4
454-29,14
457-57,2.6
452-21,3.6667
451-17,5.8
451-45,7.2
451-77,6.9333
450-53,14.7333
458-9,2.3333
467-65,11.2667
467-61,11.8
468-41,21.8667
482-29,1.5333
482-37,3.8
482-45,5.2667
483-9,5.3333
483-25,2.1333
483-33,2.2667
483-53,6.7333
513-21,3.2667
513-73,8.2
514-21,5
490-13,2.5333
498-5,1.8
519-33,1.4
537-69,13.9333
537-81,5.8
536-45,7.3333
536-73,5.4667
535-21,5.46
535-65,21.24
535-61,7.62
535-81,6.96
521-13,9.6667
521-25,6
521-49,5.6
518-9,16.0667
518-25,8.9333
518-45,4.8667
518-97,4.2667
518-101,2.4667
520-49,16.1333
520-53,11.8667
520-61,3.8667
442-65,4.6
424-17,1.9333
455-33,23.4667
456-41,6.8667
458-41,3.5333
459-13,1.6
505-1,6.9333
469-29,10.1333
482-93,3.6
517-9,2.7333
516-17,2.6
516-37,4.2667
516-57,3.0667
516-61,4.0667
478-13,8
479-1,13.7333
464-49,3.9333
464-53,3.5333
467-45,2.4667
494-5,1.8
492-5,0.8667
493-5,2.2
505-41,2
505-57,7.2667
454-69,10.2667
454-73,19.4
454-77,19.2667
457-5,2.1333
457-29,5.4667
514-45,11.1333
514-69,11.4667
485-8,0.9333
467-5,3.5333
467-17,2.3333
480-61,2.8667
481-17,15.1333
481-49,6.4
481-57,10.8667
500-13,1.1333
501-9,1.3333
502-1,1.5333
213-93,13.6
206-53,23.6667
206-65,9.0667
211-57,34.4667
65-17,3.3333
211-21,45.3333
211-25,46.3333
268-57,2.4667
239-1,0.8
239-41,17.5333
244-5,5.9333
244-57,1.8
65-45,7.2
297-5,2.6667
297-29,9.8
297-65,5.5333
300-13,2.7333
300-17,1.2
300-81,1.0667
269-33,5.8
269-37,6.1333
269-65,22.0667
240-21,11
299-17,1.4667
299-33,1.4667
299-81,6.4667
296-41,4.2
305-37,0.7333
305-65,6.9333
305-69,1.1333
308-17,1.9333
308-69,0.4
302-1,3.6
304-29,7.2667
306-17,3.7333
302-21,3.5333
242-9,11.2667
306-81,2.3333
301-41,2
325-37,1.5333
324-77,1.6
346-1,0.3333
322-57,3.0667
328-5,6.8667
328-25,9.5333
332-49,9.8
367-69,0.5333
364-45,33.3333
364-17,5.7333
366-1,0.6667
366-9,1.3333
365-29,7
365-61,1.8
358-9,4.4667
336-21,8.3333
336-29,5.8667
358-69,3.2667
358-89,6.6
339-25,15.8667
254-1,0.7333
254-9,1.9333
254-17,10.9333
178-1,5.0667
213-13,5
324-1,544
343-53,6.4667
343-61,3.2667
333-29,6.3333
214-57,7.8
385-5,5
385-49,2.1333
384-29,10.7333
392-41,22
240-33,1
307-37,3.2
325-49,2.6667
325-53,2.2667
323-45,0.5333
332-65,10.2
330-25,10
330-53,1.0667
330-57,0.9333
316-65,5.8667
316-25,2.8
315-21,13.7333
321-81,1.2252
359-45,12.6667
349-1,1.7333
349-25,1.3333
349-29,2.2667
349-49,0.4667
349-57,1.6667
344-33,13.9333
344-37,9.8667
354-1,1.6
354-17,7.3333
354-49,5.6
354-57,2.6667
212-41,1.2667
178-33,1.3333
211-53,28.9333
270-21,5.4667
270-37,2.8667
211-1,13.1333
271-69,12.6
268-65,2.6
268-69,10.1333
239-9,5.3333
239-17,4.8
239-21,11.6
239-57,9.8
244-29,4.4667
300-9,1.7333
298-5,6.6
415-29,1.0667
415-77,2.2667
416-33,3.5333
416-73,1.4667
426-1,1.4
427-1,2.4
427-29,2.0667
422-41,5.2
422-65,5.6
431-13,3.3333
423-37,10.1333
298-77,3.6667
298-85,5.0667
242-1,2.8
296-21,1.2667
296-17,0.9333
296-25,3.3333
308-45,1.5333
306-45,1.1333
306-65,4.2
348-29,1.6667
322-25,3.2
328-49,3.3333
309-17,4.9333
323-53,1.5333
316-41,6.3333
321-5,0.4765
321-21,3.5395
350-41,2.0667
350-49,0.7333
359-17,6.0667
321-61,0.9529
321-65,1.5655
359-65,2.6667
360-45,36.3333
344-13,3.2667
344-73,1.3333
344-81,1.2667
245-93,1.9333
360-53,42.2667
372-1,1.6667
372-17,0.6667
372-9,29.7333
336-13,14.4
336-9,17.9333
362-53,2.7333
362-65,4.8667
358-21,0.7333
373-29,1.1333
373-89,1.8
339-45,8.2
241-37,10.9333
339-57,12.8667
214-33,2.0667
13-38,3.4667
15-54,1.5333
15-74,5.4667
19-22,3.5333
69-54,4.0667
100-58,0.5333
108-50,4.9827
136-2,1.4667
7-2,4.9013
12-18,0.3333
18-34,3.2
98-14,2.4667
13-22,1.6667
15-62,3.4
77-78,2.1333
77-90,0.6
83-30,1.4
82-10,2.1333
98-38,1.3333
8-42,1.0667
4-70,0.1416
13-6,1.9333
69-46,15.0667
83-66,3.4667
1-34,2.1333
18-18,0.8
135-22,3.5333
135-42,1.9333
69-14,10.8667
69-82,4.0667
1-19,0.6667
3-62,1.6
12-58,2.3333
14-38,0.2
82-74,1.5333
98-34,2.5333
135-26,2.0667
2-46,2.2
15-2,1.2
3-22,1.9333
3-54,3.2667
18-50,5.1333
66-82,10.2
19-42,14.1333
100-10,3.0667
136-34,14.4
66-14,1.5333
82-78,5
2-98,2.8
4-74,1.8405
45-70,0.5333
83-22,0.9333
3-26,3.0667
3-30,2.3333
7-30,2.202
12-46,5.4667
43-6,5.3533
135-6,2
135-18,0.9333
2-2,1.1333
2-74,3.7333
8-66,2.3333
15-6,1.2667
15-30,0.6
15-50,0.3333
69-18,10.4
69-70,0.7333
18-22,1.6
66-78,4
431-73,5.9333
392-49,4.0667
392-53,2.2
392-81,10.5333
392-77,24.6
400-25,19.4667
402-5,1
402-17,5.8667
402-45,15.4
403-1,0.4667
403-5,0.1333
403-9,0.6667
403-33,35.4
403-53,5.1333
404-9,11.2
404-65,30.6667
408-17,11.9333
398-65,5.5333
112-1,2.4667
112-29,2.1333
112-65,2
265-21,2.3333
265-25,1
265-69,3.8667
207-13,0.1333
207-33,2.6667
207-73,7.6
389-37,12.2
389-57,3.6667
412-9,0.8667
412-29,2.2667
412-33,1
264-5,12.0667
264-9,1.4667
249-21,1.8667
249-41,0.7333
413-1,3
413-49,5.8
414-57,1.1333
415-5,1.3333
422-57,8.2
416-29,2.6
416-69,2
438-49,5
428-13,2.3333
428-45,7.0667
428-77,2.4667
445-37,5.2
445-29,2.6667
417-41,2.1333
445-49,5.8667
431-5,3.4667
432-13,4.5333
432-21,5.1333
432-37,6.6
423-17,4.7333
423-1,1.8
467-37,1.8667
266-5,3.8
467-81,5.2667
467-86,13.8
468-49,6.9333
469-13,7.2
455-57,9.1333
452-45,2.2667
443-21,1.2667
443-37,6.5333
446-33,8.1333
448-17,5.7333
448-33,5.5333
449-37,2.8667
449-41,2.8667
457-49,3.4667
451-13,8.4
451-25,2.7333
450-13,1.3333
450-25,1.9333
450-37,2.8667
450-49,561.6
464-29,2.8667
482-33,3.9333
483-13,4.4667
513-33,3
513-57,5.8
514-13,8.2
490-9,3.4667
519-5,0.9333
536-53,2.9333
535-49,2.16
535-57,1.74
535-77,5.76
518-89,5.0667
520-29,2.4
520-33,1.1333
520-41,5.8
520-45,16
441-61,1.3333
441-65,4.4
441-69,2.1333
442-45,6.9333
424-25,1.9333
455-1,4.6
456-13,9.6
456-21,14.7333
465-9,1.7333
505-9,38.3333
469-53,6.0667
469-61,12.8
469-85,3.0667
482-53,3.2
482-65,3.1333
482-69,2.9333
482-89,2.8
519-77,2.6667
517-5,2.7333
517-57,4
517-69,3.3333
516-13,3.3333
516-33,4.4667
516-65,5.7333
516-77,4.3333
504-17,1.0667
446-13,1.8667
453-9,5.6
454-1,9.7333
454-5,10.0667
454-9,10.5333
449-13,4.7333
449-49,8.2667
478-17,17.9333
478-25,9.4
391-9,2.4667
391-21,10
489-1,0.3333
489-5,1.8
496-5,1.9333
533-45,9.7998
537-41,10.2667
537-45,13.4
537-49,6.0667
442-1,1.3333
457-9,2.1333
457-37,4.4667
514-65,5
485-4,0.4667
467-1,1.8667
467-13,2.1333
468-1,2.3333
468-17,3.0667
480-45,5.8
481-5,6.6667
481-29,8.4
497-5,1.9333
500-1,1.2667
500-5,1
178-5,10.0667
206-13,6.2
206-25,9.6667
206-29,17.6667
211-9,9.1333
271-21,2.0667
239-45,13.0667
268-73,26.5333
244-61,4.5333
65-21,0.8
297-49,9.0667
297-73,7.4
300-21,2.4
300-37,1
300-69,1.2667
269-41,3.6
269-69,16.2
240-1,0.7333
240-13,2.7333
299-5,1.3333
299-41,5.7333
299-53,3
299-65,1.4667
299-73,7.9333
305-33,10.1333
305-41,6.2667
308-53,0.2667
308-85,2.6
304-25,6.6
304-61,12.2
304-69,8.8667
304-73,8.6667
302-5,7
302-29,3.3333
302-45,6.8667
302-49,8.8667
302-89,3
306-77,2.0667
301-5,3.2
301-33,2.2
301-57,0.3333
324-57,0.2667
324-65,1.0667
346-13,1.4667
346-21,0.7333
346-37,1.6
346-53,4.4
346-77,1.8
322-49,1.7333
322-81,11.1333
367-21,0.0667
367-37,2.2667
367-49,1
367-53,4.3333
367-81,6.6
360-65,3.0667
364-37,3.6
364-33,6.9333
366-77,1.2
365-13,6
365-17,3.8
365-25,7.7333
365-9,5.7333
365-65,2
362-89,7.9333
358-77,12.3333
339-21,10.2
254-5,6.7333
213-73,3.0667
324-25,1.2
343-9,5.7333
343-13,4.8
343-17,2.9333
366-49,0.7333
214-49,13.6
214-53,5.2667
214-69,5.4
214-77,3.6
385-61,1.2
381-13,13.6
384-5,3.2
384-21,3.5333
384-33,14.3333
392-29,19
392-33,32.8
392-37,23.3333
269-17,6.6667
240-37,2.2
307-25,2.1333
307-29,2.4667
307-49,2.6667
307-57,3.1333
308-61,2.6
325-61,1.6667
309-41,1.9333
309-53,3.1333
323-9,2
332-1,0.2667
332-29,9.0667
330-21,8.4
330-69,0.8
330-85,2.2
316-77,0
316-49,6.9333
315-53,0.8
321-25,10.8226
350-65,2.2
343-29,1.9333
359-37,3.3333
359-41,11.2
360-5,6
344-45,5
344-53,2.0667
354-5,1.5333
354-29,4.6
354-45,3.7333
212-9,2
212-13,1.5333
178-45,2.2
178-49,1.3333
206-49,23.9333
206-61,7.8
211-49,21.7333
270-57,6.3333
270-69,4.2
270-77,2
270-89,1.3333
211-13,16.6
268-25,7.7333
297-9,10.7333
269-5,3.4667
300-5,1.8667
269-21,3.7333
298-41,2.4667
416-1,3.1333
416-61,8
390-13,22.5333
427-21,1.8
427-25,13.3333
298-69,5.3333
296-13,2
306-53,2.2667
301-45,0.8667
301-53,0.8
348-1,1.5333
309-29,6.3333
332-41,3.0667
315-5,1.9333
321-13,0.5445
350-57,1.2667
359-9,9.7333
359-49,8.8667
360-13,2.1333
360-49,35.6667
344-1,2.4667
344-5,7
344-17,6.7333
344-25,8.1333
344-69,2.2667
245-33,4.8667
360-89,2.1333
372-5,27.3333
372-25,0.6
362-17,1.9333
362-49,7.8667
362-61,4.4667
362-81,2.8
336-37,3.6667
358-113,4.0667
373-57,1.2
373-17,2.6
373-93,1.0667
311-5,6.4
373-117,1.7333
339-17,11.4
241-65,2.8
241-73,1.2
214-21,3.2
214-29,0.4
214-37,3.1333
214-41,4.6
2-10,1.6
19-30,6.9333
19-46,8.2667
100-26,1.6
108-10,1.818
3-2,0.4667
51-2,13.0667
2-102,10.6667
77-2,4.8667
100-2,1.1333
100-54,0.5333
108-82,1.212
3-50,1.6
3-74,10.1333
18-26,1.4667
8-46,1.4667
4-54,4.0348
6-82,2.4
13-70,2.6667
19-74,5.8667
3-14,1.4
7-54,1.1365
12-42,2.9333
51-6,7.0667
51-34,2.1333
66-42,3.0667
82-6,6
2-42,1.2667
19-58,3.6
83-14,1.6667
108-94,2.424
43-62,2.0533
51-10,5.6667
51-26,2.4667
82-50,2.5333
6-50,2.9333
6-62,3.5333
13-46,3.6
15-66,1.1333
45-2,1.5333
77-66,2.3333
3-46,1.2
5-2,4.7333
14-54,1.8
14-66,0.1333
82-42,3.4
135-10,1.6667
2-82,0.5333
6-26,2
69-42,30.3333
77-50,0.5333
2-14,0.5333
2-34,1.3333
19-54,5
69-34,22.8667
83-10,1.1333
108-70,4.242
1-10,4
7-14,5.3985
18-38,1.4667
51-62,3.6667
98-22,5.0667
2-70,1.1333
77-42,0.1333
108-2,0.808
43-34,2.0533
43-54,2.7133
2-54,-0.0667
2-58,0.5333
402-29,8.1333
404-5,15.1333
404-61,31.5333
404-69,26.6
404-49,14.8
404-53,14.2667
381-41,10.7333
408-1,2.8667
408-21,7.4667
381-45,12.9333
381-61,12.8667
398-37,4
112-5,2.7333
112-53,1.2667
112-61,2.2667
265-53,1.4
265-65,1.1333
207-1,0.0667
207-53,0.6667
389-25,2.4
412-13,0.7333
412-53,3.6
412-57,1.5333
249-29,0.4667
249-33,0.4
249-45,1.2667
249-49,2.4667
413-5,3.4
413-21,2.6
413-33,4.4
413-53,0
413-65,10
413-73,6.8667
414-29,10.6
414-33,3.2
414-45,3.6667
414-77,1.8667
417-21,0.8667
418-29,3
418-33,6.5333
438-57,13.7333
428-25,5.2667
423-53,9.8667
445-25,1.5333
418-5,3.9333
431-1,1.2
432-1,1
432-29,2.5333
432-33,0.6667
422-1,4.2
422-9,7.1333
417-25,10.9333
418-9,1.6
423-21,2.2667
449-1,3.3333
458-5,3.2667
494-13,2.9333
519-49,18
455-49,7.6
452-41,2
451-1,2.3333
496-9,1.6
442-33,14.3333
443-17,1.1333
443-61,9.7333
453-13,10.9333
446-53,8.5333
448-13,7.0667
448-41,7.8
448-53,2.5333
448-65,11.4667
449-45,5.8
457-61,3.0667
450-9,1
450-61,14.7333
458-1,1.6
458-17,6.6
459-25,1.4667
464-5,1.8667
464-9,1.6667
481-77,13.0667
481-89,7.4667
482-13,1.3333
482-49,1.7333
482-57,7.2667
483-37,10
483-41,7.8
483-45,5
483-57,11.2667
513-25,2.2
513-69,4.9333
514-29,3.7333
498-9,1.7333
519-13,0.4
536-17,3.0667
536-61,13.1333
535-17,3.96
535-37,1.14
535-41,2.04
535-69,3.42
518-33,7
518-57,7.6
520-73,4.2667
443-1,2.6
454-53,5.2667
456-17,13.1333
456-45,5.5333
456-53,2.2667
465-13,1.2
464-65,1.8
469-33,14.1333
469-49,11.2667
469-57,4.1333
469-73,3.2
469-77,1.5333
482-101,2.1333
482-105,1.9333
513-9,2.4667
488-13,1.1333
517-13,1.4667
517-29,3.2667
517-45,4.5333
516-21,5.8667
458-49,2.4
458-57,2.3333
458-73,3
449-53,3.1333
449-57,1.8667
449-61,8.6667
478-5,6.6667
391-1,3.6
391-5,1.8667
391-13,12.1333
391-25,8.3333
391-37,12.3333
463-17,3.6
480-17,2.8
491-13,1.2
493-1,1.8667
533-21,8.6636
537-1,0.6667
537-25,0.6667
505-33,10.2667
505-49,6.8667
442-9,3.4667
449-77,4.3333
454-81,17.4667
457-21,6.2667
514-57,11.3333
485-1,0.3333
485-12,0.6
487-13,0.2667
480-21,2.9333
480-73,4.8
481-21,9.2667
481-41,20.4667
497-13,2.0667
501-1,0.8
502-9,3
213-97,5.5333
213-85,9.8
206-21,8.6667
206-57,10.4
271-5,3
271-57,3
268-9,2.6667
268-77,16.1333
239-29,3.9333
65-29,4.3333
65-41,7
297-45,2.4667
297-61,7
297-69,16
269-45,14.2667
298-65,10.2
299-61,2.1333
296-1,2.0667
296-45,4.6667
305-29,8.8667
305-61,10.9333
305-73,1.3333
305-77,0.6667
296-57,2.4667
308-21,2.2667
308-65,1.6667
304-37,7.5333
304-41,6
304-53,4.9333
304-81,7.9333
306-13,0.6
304-93,5.2667
302-37,2.9333
302-41,8.0667
301-1,0.7333
301-9,1.1333
301-21,0.7333
324-49,0.3333
324-69,1.2
346-57,7.1333
346-85,1.1333
328-9,17.5333
328-17,4.8667
367-25,0.1333
367-33,1.7333
367-41,3.5333
367-77,3.6
367-85,2.6
366-41,0.2667
366-57,1.2667
366-69,4.8667
365-33,8.3333
365-5,2.2
365-37,5.3333
365-41,9.9333
336-45,3.2
311-9,8.4
358-37,3.9333
358-53,2.1333
358-73,9.6
339-29,18.6
254-29,8
213-41,20.6667
213-89,11.4667
297-41,2.3333
324-21,1.4
333-5,5.1333
214-65,3.1333
385-41,8.2667
385-53,2.4667
385-73,1.0667
384-25,10.8667
392-25,18.2
392-45,6.6667
307-21,2.4
325-57,2.6
325-77,9.4
323-37,3.6667
323-25,0.8667
323-73,1
323-57,1.8
332-17,2.8667
332-37,4.4
330-65,0.8667
330-81,2.2
315-9,2.0667
350-61,2.5333
359-13,7.7333
343-65,2.7333
350-1,1.8667
349-13,0.7333
349-45,1
360-37,9.8
344-29,4.3333
354-25,5.2
354-37,1.6
212-33,2.2
212-37,0.9333
212-57,1.4
270-53,4
270-61,3.6667
270-73,3.3333
271-41,4.0667
268-17,5.2667
268-37,6.5333
239-25,4.8667
244-9,7.2
244-49,15.2
297-77,15.2
300-1,0.2
298-1,5
415-89,0.6
390-33,6.8
418-37,22.7333
418-45,5.0667
426-17,2.9333
426-33,5.9333
426-49,2.8
426-57,5.8667
427-17,2.6667
427-33,0.8667
431-9,3.4667
296-9,3.6
348-9,0.9333
348-17,4.8667
348-33,5
322-17,2.5333
328-33,3.5333
323-65,2
332-73,5.1333
316-37,4.7333
315-13,105.5333
350-33,1.6667
344-61,4.6
344-85,0.8667
344-93,2.0667
245-29,4.6667
245-17,2.2
367-9,0
362-33,2.6
362-37,2.9333
336-33,3.4
311-13,4.6
311-17,9.2
311-21,9.3333
358-109,3.3333
373-21,2.4667
373-45,1.4667
373-53,1
373-77,1.2
241-1,2.6
241-41,3.8667
241-61,4.9333
339-49,17.5333
241-81,2.4667
214-5,11.2
214-9,19.2667
214-17,3.4
4-62,1.0618
100-46,1.0667
108-54,5.9927
51-66,2.7333
82-22,0.8
82-70,0.6
98-10,1.7333
15-26,0.2
12-26,2.2
14-58,0.4
18-14,1.2667
51-30,3.1333
66-50,3.5333
66-62,11.3333
4-6,2.6899
13-30,1.2667
9-6,6.4
100-14,3.4
1-42,2.9333
18-10,1.8
135-30,2.4667
135-34,1.6
8-2,4.9333
6-6,2.8667
6-10,2.7333
6-34,2
6-66,2.1333
9-22,1.2
45-62,1.3333
69-10,14.6667
77-46,0.7333
100-82,2.3333
136-18,0.4
3-70,2.4
12-66,1.9333
14-74,0.7333
43-58,1.1733
19-66,4.3333
45-22,2.2667
45-54,0.2667
77-70,5.0667
5-26,9.1333
8-58,2.4667
6-22,0.7333
15-42,0.2667
45-46,12.8667
3-18,2.3333
43-2,1.2467
43-10,3.0067
2-50,1.3333
6-2,5.7333
13-26,2.1333
15-46,0.6667
77-14,0.3333
77-26,0.0667
43-22,7.04
66-6,3.9333
82-46,1.8
82-90,3.8667
8-22,3.0667
4-42,3.3978
4-58,2.7607
13-10,2.4667
100-102,10.2
108-38,1.6833
2-38,2.6
431-29,6.2667
392-73,12.1333
401-1,2.8
402-21,3.8
402-25,1.2
403-29,13.6
381-25,12.4667
404-37,7
404-17,25.6667
404-41,17.7333
404-57,4.2667
404-77,8.8667
381-33,11.2
408-29,6.3333
408-33,3.2
408-41,6.1333
408-81,12
381-65,12.0667
398-41,4.4
265-73,0.9333
207-45,1.1333
207-77,1.2667
389-9,4.6667
389-17,5.5333
389-33,12.7333
389-49,4
412-1,2
412-45,1.3333
412-65,2.6667
412-73,9.5333
249-37,0.7333
249-73,1.4
413-37,5.8667
413-81,17.8667
414-65,3.3333
415-1,8.4
415-13,1.6667
390-61,14.4667
390-49,4.6667
390-45,5.4667
445-9,4.6667
415-41,5.9333
415-45,3.7333
415-49,7.2667
416-17,1
416-21,1.2667
416-37,3.2667
438-5,14.4
438-33,2.6
438-37,1.5333
438-65,4.4
438-77,1.8
428-33,1.3333
428-49,3.6667
428-53,1.4667
417-37,8.5333
432-49,2.5333
422-13,5.2
423-25,1.8667
448-1,1.9333
463-9,0.9333
467-33,1.7333
266-9,5.9333
467-73,10.6667
467-77,9.4667
469-1,2.5333
469-9,7.4
486-5,0.6
519-45,3.4667
516-85,5.6667
455-45,8
452-49,2.9333
451-5,5.6667
442-13,5.4
442-29,5.3333
453-5,5.6667
443-33,5.4667
443-57,22.6667
443-69,1.9333
443-77,1.7333
453-17,7.2667
446-41,11.8
448-37,2.1333
448-61,2.7333
448-69,22.6667
449-25,4.7333
449-29,2.5333
451-37,3.3333
451-61,21.5333
451-65,10.6667
458-12,3.1333
458-21,7.2
467-49,4.2
482-25,4
482-41,3.3333
483-1,1.7333
483-49,5.4667
483-61,6.2
513-37,3.1333
513-49,2.1333
514-25,5.3333
519-9,0.8667
519-25,1.1333
519-37,1.3333
505-25,5.3333
537-57,11.9333
536-9,10.0667
536-37,4.8
536-65,3.2
536-69,3.2
535-25,3.42
535-73,6.96
535-85,12.9
521-9,7
521-37,2.8667
521-57,2.1333
518-17,8.8667
518-61,11
518-81,3.6
520-13,0.6667
520-21,0.9333
520-25,1.3333
520-69,2.6667
441-41,2.7333
441-45,2.2
441-57,1.2667
442-41,21
442-73,6.7333
424-5,9.3333
424-21,1.0667
454-33,13.4667
456-25,12.0667
459-9,2.0667
266-1,2
469-65,3.6
480-5,4.6667
480-13,0.8667
482-77,2.6
519-73,1.0667
516-41,3.8
516-73,4.7333
458-45,2.6
441-9,0.6
441-17,1.0667
441-25,0.8667
446-5,3
446-25,0.6
449-17,3
479-9,1.0667
479-17,6.2667
391-45,4.9333
489-13,2
495-13,2.2667
533-5,9.7288
533-9,10.723
533-25,7.3144
533-33,7.1723
533-37,14.9838
537-9,0.4
537-17,0.5333
537-53,7.2
505-37,3.0667
449-81,1.8
449-89,3.2
454-61,12.6667
454-65,6.8
455-13,4.6667
455-5,5.6
514-33,2.7333
514-37,10
514-73,4.1333
468-5,5.5333
481-25,4
481-61,27.4
497-9,1.7333
499-13,3.4
500-9,0.9333
503-1,1.4
503-5,1.4
178-17,9.1333
178-25,8.7333
206-5,6.5333
211-61,1.8
65-1,1.4
65-5,2.4667
65-13,3.3333
271-9,2.2
271-29,7
271-45,3.0667
244-1,5.2
244-53,3.1333
65-25,1.1333
300-61,0.8
300-65,1.4667
300-77,1.1333
298-9,5.6
298-25,4.6
240-17,5.1333
299-49,2.7333
299-77,8.2
305-21,598.0667
305-81,1.8667
308-73,0.8667
308-81,0.8
304-5,5.8
304-17,0.8
304-33,10.2667
304-65,4.3333
304-89,12.0667
306-1,0.4667
302-81,2.4667
301-17,0.7333
301-25,1
325-1,0.8
324-81,1.5333
322-1,1.5333
346-25,0.8
346-61,8.0667
346-69,3
346-73,1.8667
322-65,1.9333
322-77,2.8
328-1,11.9333
328-13,5.5333
367-29,1.9333
367-57,3.0667
360-57,4.7333
364-69,3.2
364-53,32.3333
364-41,10.1333
364-9,7.5333
364-5,9.8667
366-21,0.2
366-29,0.1333
366-61,0.9333
336-5,6.3333
365-69,4.2
358-33,10.4667
358-41,3.9333
358-57,3.6
358-65,2.6667
358-85,16.4
254-45,8.2667
254-49,11.0667
254-57,6.4667
214-45,16.2667
213-5,10
213-77,13.3333
324-5,0.6
324-13,0.6667
324-41,0.5333
333-13,1.8
214-85,3.1333
385-13,6
384-13,3
392-5,15.2
392-13,18.4
213-53,7.2667
307-9,2.7333
325-65,1.2667
309-57,3.8
323-5,3.5333
323-13,1.7333
323-29,0.8667
332-69,6.8
330-5,6.0667
330-13,5.4
330-41,7.2
316-17,9.1333
359-53,11.0667
349-17,0.4
344-49,3.0667
354-33,1.8667
212-21,1
178-37,6.9333
178-41,4.4
178-61,2.6
178-81,13.0667
270-13,2.0667
211-69,3.5333
211-5,13.8
239-53,3.4
244-21,4.2667
244-17,9.4
415-37,2.2667
415-53,6.3333
415-69,3.0667
416-53,4.2
390-17,14
426-21,2.1333
426-37,7.9333
426-61,8.8667
422-25,5.6667
445-57,2.4667
445-53,7.4667
298-45,3.4667
298-73,5.1333
308-29,1.9333
308-41,2.8667
348-37,8.3333
309-1,5.6
316-61,16.6
316-5,10.8667
315-41,0.4
315-45,4.7333
321-37,23.8914
359-25,3.2
360-25,2.5333
245-9,2.7333
245-5,1
367-17,0.0667
360-85,2.2
372-29,0.1333
362-5,0.6
362-85,4.4
311-37,2.3333
358-101,6
373-49,1.4667
373-69,1.3333
373-65,1.7333
373-85,0.8
311-25,4.6
339-41,10.9333
241-85,5.7333
339-53,15.6667
214-13,13.4667
15-58,3.8667
100-18,2.7333
108-90,1.818
7-20,2.202
51-18,3.2
4-10,2.0528
4-18,3.8225
13-34,4.1333
13-50,3.3333
83-58,1.3333
83-70,4.7333
98-6,2.2667
6-78,0.3333
19-6,3.2
19-34,7.8
45-6,2.1333
45-14,2.5333
77-6,1.0667
83-82,8
100-34,2.4667
108-14,1.2793
108-78,2.4913
1-6,5.4667
18-30,1.3333
15-38,0.2
15-78,2
9-26,1.4
19-26,4.7333
69-74,1.8
1-22,0.4667
12-34,2.9333
43-26,0.9533
43-46,3.4467
66-30,3.3333
2-78,1.2667
8-78,1.0667
77-82,-0.1333
83-78,1.4
83-94,5.0667
100-50,1.2667
136-30,7.2
12-50,4.5333
51-82,2.4
4-46,1.7697
6-18,2.8667
136-38,4.6
7-46,7.6006
14-34,0.2667
14-46,1.6
18-2,2.4667
51-54,5.4667
8-26,0.8
8-30,2.1333
100-78,1.2667
12-78,0.7333
14-42,0.8667
82-86,4.2
8-50,1.5333
6-74,2.0667
13-18,2.9333
15-18,0.0667
69-62,11.2667
7-62,4.7592
12-14,0.4
431-37,8.4667
392-69,12.8
401-9,18.7333
401-13,14.8667
401-21,13.3333
400-1,3
400-9,1.8667
400-17,13.1333
400-21,20.3333
402-33,11.9333
402-73,7.1333
402-77,7.3333
402-85,6.3333
403-17,4.7333
403-37,6.9333
403-65,1.2
404-29,4.5333
404-45,13.6667
404-73,14.3333
408-9,2.2
408-37,3.7333
408-53,4.6
408-57,11.6
381-57,10.9333
112-13,1.7333
112-17,2.3333
112-21,1.8
112-25,2.6
112-41,1.5333
265-17,2.4667
265-37,1.4667
265-41,1.2
265-77,5.4
207-49,0.5333
207-69,0.6667
389-21,3.5333
389-53,3.3333
412-37,1.2667
412-81,13.9333
264-1,4.3333
249-65,1.1333
413-13,5.8
413-45,11.6
413-85,18.4
414-1,7.9333
414-13,7.0667
414-81,1.6
390-37,3.4
422-53,8.4
422-69,5.8667
445-17,3.2667
416-25,1.8
416-81,4.4
416-77,2
438-13,5.4667
438-17,2.9333
438-21,2.6667
438-25,2.2667
428-5,1.2667
428-37,1.2
428-65,5.4667
423-45,6.2
432-9,2.6
432-45,1.1333
432-57,3.7333
423-33,23.8667
423-29,7.4
423-9,1.6667
423-5,1.4667
486-1,0.8667
516-89,6.8667
452-37,2.8
451-9,3.0667
442-17,2.4667
442-37,8.0667
453-1,3.9333
443-13,2.8
443-29,5.6
443-41,1.4667
443-49,2.8667
453-21,6
448-49,3.8
448-57,2.6667
456-33,12.4
456-37,11.1333
452-1,1.3333
452-33,3.4667
451-21,7.2
451-41,559.1333
451-53,6.5333
451-57,13.8667
451-69,3.6
450-45,10.8
450-57,8.6667
450-73,7.7333
459-17,2.6
481-73,15.8667
482-5,3.1333
482-9,2.6667
482-17,4.0667
483-21,3.6
513-45,2.1333
513-61,6
514-9,5.2667
519-21,1
519-41,0.8
536-21,3.8
536-33,5.2
536-41,5.4667
521-1,0.9333
521-5,4.2667
521-17,6
521-21,2.9333
521-45,7.4667
521-65,1.4667
518-21,8.9333
518-49,13
520-17,0.6667
520-65,2.6
441-73,2.7333
424-29,3.4
454-37,13.6
454-57,13
456-61,2.2
456-65,5.0667
465-1,1.2667
469-41,24.4
469-69,3.6
480-1,0.6
480-9,4.4667
513-13,3.8
519-61,1.5333
517-25,5.2667
517-49,10.1333
517-53,9.6667
516-1,0.8667
516-5,2.1333
516-25,4.6
458-53,4.8
458-61,3.2
458-81,2.8667
504-9,1.4667
446-9,2.2667
446-17,1.4
446-21,1.3333
449-21,3.9333
478-21,5.4
479-13,2.2
492-9,1.8667
492-13,3.6667
493-9,2.2667
495-5,2.6
495-9,1.4
537-5,0.6
537-21,1
537-33,1.6667
505-53,2.6
455-25,8.8
457-1,0.8667
514-41,10.1333
486-13,0.5333
487-1,0.7333
468-13,5.1333
480-29,2
480-33,3
480-41,3.1333
480-65,3.2
481-9,2.4667
481-37,5.0667
499-9,1.7333
213-29,15.0667
271-53,5.6667
271-77,9.4
271-61,6.4667
268-21,5.3333
268-81,15.1333
244-41,8.4
297-33,8.6
297-37,1.6667
300-41,1.4667
269-25,9.0667
269-57,11.4
299-1,1.2667
299-13,1.9333
299-25,0.8667
299-37,2.2667
299-45,5.9333
296-5,8.7333
296-37,2.5333
305-1,8.8
305-9,7.1333
305-49,13.2667
305-85,550.6667
296-53,0.8
308-9,1.6
304-9,2.9333
304-21,3.5333
302-77,2.2
242-17,5.5333
306-49,1.1333
306-37,4.3333
325-5,1.0667
325-9,1.2667
325-33,1.3333
325-41,0.9333
324-53,0.5333
322-9,2.6
346-41,2.6
346-65,2.9333
322-53,9.3333
322-61,2.2
328-29,8.2667
323-41,1.6667
332-81,19.6667
245-61,1.6
245-57,2.4667
245-25,4.0667
360-61,5.9333
360-69,3.0667
364-61,15.4667
364-29,5.8
366-13,1.2667
366-17,0.2667
366-25,6.7333
366-73,2.6667
365-1,1.6
362-105,8.8667
358-1,1.2
336-41,0.4667
358-29,2.7333
358-97,12.5333
254-33,7.3333
213-37,16.0667
213-81,6.4
213-101,1.4667
324-17,1.6667
323-21,1.5333
343-1,0.8
343-5,5.5333
343-45,7.5333
343-49,5.6667
343-21,3.0667
333-1,1.4667
333-33,6.3333
385-21,3.9333
392-1,4.0667
213-33,9.0667
307-53,2.8667
325-73,0.4
325-81,6.8667
324-45,0.6
323-33,1.3333
323-49,1.0667
332-53,18.4
330-49,2.4
315-37,1.4667
321-1,11.0268
349-37,1.4
360-41,9.8
339-5,5.6667
212-1,1.2667
212-29,1.4
213-45,17.4
178-77,7.8667
64-21,3.3333
64-29,5.6
270-29,3.9333
270-41,11.2
270-85,2.3333
211-65,3.9333
211-29,43.6
271-13,2.9333
271-49,4.3333
271-65,5.6
268-1,1.3333
268-13,9.4
268-53,6.5333
269-1,3.0667
300-85,1.0667
415-61,5.7333
416-41,3.8
426-5,1.2667
427-5,6.7333
427-9,13.0667
427-37,1.1333
427-41,3.6
427-49,2.5333
427-61,1.7333
432-69,15.8
445-45,2.2667
298-49,6.0667
298-81,4.4667
301-49,0.7333
348-5,1.2667
348-13,4.9333
348-21,3
348-25,2.4667
348-53,2.6
328-45,1.4
328-53,1.8
309-9,4.1333
332-25,8.2
316-81,1.2667
316-57,13.2
316-1,1.2
316-53,9
316-13,5.8667
315-29,1.4
315-57,1
321-29,28.1796
321-73,3.1991
360-9,2.4667
360-21,2.6
344-9,3.9333
344-89,1.1333
245-21,5.4
360-77,3.0667
372-13,3.9333
362-69,5.0667
358-105,3.8667
373-25,0.7333
241-13,5.5333
4-22,2.6191
19-10,2.3333
45-30,1.7333
45-38,1.1333
83-90,2.2667
100-86,4.5333
100-98,3.0667
1-38,2
2-6,1.2667
77-22,0.4
77-38,0
83-34,1.2667
83-42,2.3333
108-34,0.202
14-6,2.6
43-14,4.2533
43-30,2.2733
4-66,0.2124
19-70,16.2
45-42,0.6667
77-62,-0.4
14-26,0.0667
18-42,9.6667
43-38,1.9067
82-2,3.9333
15-70,5.4667
45-66,0.6667
69-2,1.6
83-98,1.4667
100-22,2.8667
3-78,1.9333
18-46,10.3333
82-18,1.2
82-62,0.2667
82-82,5.6
15-14,0.6
19-18,7.5333
69-26,22.3333
100-30,1.8
1-31,0.8
18-6,1.0667
43-42,3.1533
2-26,8.2
8-34,1.8667
6-58,3.6667
45-10,2.6
45-26,0.7333
83-50,1
83-74,2.9333
100-6,3.4
12-38,3.8
4-26,0.4955
13-54,3.5333
5-30,7.7333
12-2,2.7333
12-62,2
51-58,2.5333
2-18,3.9333
15-10,2.4667
83-18,1.6
108-74,2.6933
14-18,0.3333
14-70,0.1333
66-26,5.8
2-30,0.4667
431-21,5.5333
431-57,4.2
401-29,1.5333
400-29,11.1333
402-49,11.7333
403-45,4
381-21,9.8667
381-29,10.4
404-81,11.5333
408-13,2.1333
408-25,3.8667
381-49,22.2667
398-25,6.4
398-49,6.4
398-53,9.9333
398-61,4.9333
381-69,16.2667
207-5,0.4667
207-21,1.3333
207-25,1.2
207-29,0.4
207-41,0.2
389-41,3.9333
412-5,1.3333
412-85,11.4667
249-5,1.4
249-25,0.6667
249-69,9.4
413-29,2.0667
413-61,8.1333
414-9,12.9333
414-37,5
415-25,6.0667
413-89,0
431-17,3.6667
416-9,7.5333
416-65,3.7333
417-13,0.8
418-25,6.7333
438-1,11.4667
438-29,4.2
438-53,11.6
428-21,3.2
428-17,3.0667
428-29,3.8
428-61,1.5333
428-73,3.4
423-57,6.6667
423-41,8.5333
417-5,2.4667
417-29,7.3333
417-45,3.7333
432-17,14.5333
432-25,0.8667
432-41,2.2
418-13,4.0667
448-5,2.6667
467-25,1.8
467-69,18.8
468-21,2.4667
519-53,9.3333
443-45,2.5333
443-81,1.3333
453-33,8.8667
453-37,11.8
446-37,8.8
446-49,8.6
448-9,4.1333
449-33,3.6667
449-69,6.9333
451-73,6.3333
450-17,1.2
450-21,2.8667
450-65,11.8
464-17,1.2667
467-57,7.4
468-53,3.7333
468-57,4.0667
468-61,609.8
482-21,3.3333
482-61,6.2667
483-65,6.3333
513-29,2.2667
513-53,3.0667
513-65,5.6667
491-5,2.3333
498-1,1
498-13,2.7333
519-1,0.7333
519-17,1.2
505-21,6.8
537-65,17.6
536-5,2.4667
536-13,2.4
536-25,8.6
536-57,1.7333
535-29,2.64
521-29,3.8667
521-33,5.2
521-53,1.5333
518-1,7.2667
518-5,19.0667
518-13,13.2
518-41,5.4667
518-65,7.8667
520-9,0.9333
520-37,2.8
441-49,3.8
441-77,4.1333
442-57,3.9333
443-5,7.1333
442-69,5.6667
424-1,11.1333
424-13,2.8667
424-37,4.6
455-37,5.4
456-49,15.7333
465-5,1.2
465-17,2.3333
458-37,7.6667
459-1,0.6
459-5,1.4
464-41,2.9333
464-45,2.2667
464-61,2
469-45,16.3333
469-81,0.7333
482-81,5.2
519-69,1.6667
517-1,1.9333
517-17,2.4667
517-61,2.2667
516-29,5.8
516-45,5.6
458-69,2.9333
504-13,2.8
441-21,2.6667
453-25,7.1333
449-9,0.8
458-29,2.6
391-33,4.8667
391-41,6.6667
496-1,1.4
533-1,4.3318
533-13,5.8231
505-45,6.0667
455-17,6.3333
457-33,6.6667
457-41,6.4667
488-9,0.9333
468-9,6
481-33,3.5333
481-45,8
499-1,2
499-5,3.4
501-13,3.8667
178-9,9.8
178-13,7.0667
178-21,7.3333
206-41,5.6667
271-1,0.4667
268-45,7.5333
244-13,6.7333
244-77,3.8
300-25,0.4
300-45,1
300-49,1
300-53,5.4
300-73,1.4667
269-61,10.7333
298-29,6.4
299-57,3.1333
299-69,4.6
305-53,-1988.1333
308-13,1.5333
304-49,4.6
304-77,6.9333
304-85,14.4
306-25,5.6
306-29,0.7333
302-17,1.6667
302-25,6.8667
302-53,8.2667
302-57,7.8
302-61,8.4
302-65,9.4
242-13,4.4
242-25,6.8667
306-41,2.2
306-33,1.6667
306-85,2.3333
301-13,1.0667
325-29,1.1333
324-73,1.3333
346-5,1.0667
346-33,2.1333
346-45,1.4
322-45,1.8
322-69,0.6667
322-82,11.1333
328-21,5.1333
323-17,1.2
245-85,1
245-81,3.3333
245-77,0.8667
245-73,1.3333
245-65,1.7333
245-45,2.9333
245-37,4.3333
367-45,0.3333
364-65,7.2
364-57,5.1333
364-49,29.1333
364-25,13
364-21,9.6667
364-1,5.4667
366-5,1.7333
365-45,3.7333
365-49,4.7333
365-53,2.2667
362-93,4.4667
362-97,5.4
362-101,10.7333
358-61,6
339-33,17.7333
254-13,6.8667
254-25,14.2667
254-53,7.3333
213-61,9.8
297-53,2.3333
297-57,7.6667
324-29,1.0667
324-37,0.6667
343-33,2.8
343-57,10.1333
360-29,4.9333
333-9,1.0667
333-17,1.5333
385-17,5.2
385-25,2.4667
385-37,3.2667
385-65,1
384-9,0.7333
392-21,15.4
206-1,6.1333
240-25,7.5333
240-29,4.2667
307-5,5.1333
307-13,0.8
307-45,2.9333
306-21,7.9333
325-69,1.0667
323-1,0.3333
332-5,1.1333
332-57,6.6667
330-9,3.4667
330-45,5.0667
330-61,0.5333
330-77,2
316-85,0.8
316-9,3.6667
350-45,2.1333
321-45,0.1361
343-69,4.6667
350-13,0.8
349-21,0.3333
349-61,1.6667
354-21,4.8667
354-53,2.2667
212-17,2.2
212-49,2.4667
212-65,1
178-57,3
178-69,12.6667
206-69,4.0667
211-33,37.7333
211-45,30.6667
270-9,3.4667
270-17,3.4
270-81,3.5333
271-17,1.5333
271-37,5.6
268-29,11.3333
239-5,1.5333
240-5,6.6
415-57,7.0667
415-81,1.3333
416-13,1.4667
390-9,28.0667
426-9,1.6
426-13,1.5333
426-41,3.0667
427-57,3.7333
422-21,6.6667
422-37,2.6
298-61,5.8667
296-33,9.8667
308-1,0.4667
308-33,1.8667
308-77,0.3333
301-37,1
301-29,3.4667
348-49,6.2
322-33,1.4667
328-41,15.5333
309-13,7.2
309-21,7.2
316-89,0.6
316-73,1.1333
315-49,0.4
321-9,0.1361
359-5,2.7333
350-17,0.6667
360-17,2.2667
344-57,3.8
344-65,10.8667
367-5,0.0667
362-9,1.2
362-13,1.1333
362-57,4.2667
362-77,3.9333
336-25,9.1333
311-41,4.4667
373-1,2.8667
373-13,0.6
373-61,1.5333
373-37,2.6
373-81,1.8667
373-109,0.6
373-113,0.6
339-9,7.6667
241-53,2.8667
241-69,3.4
19-62,2.6667
77-86,1.4667
136-22,0.5333
66-18,2
66-22,5.9333
66-38,1
6-70,3.9333
15-22,0.2
136-6,5.4
136-14,0.6
3-42,1.2667
51-70,2.5333
8-18,2.6667
6-38,2.9333
13-78,4.6667
83-6,1.4667
83-86,6.3333
100-70,4.6667
3-10,5.4
7-34,2.4862
7-50,7.8137
98-30,3
135-2,1.0667
69-38,23.4
100-38,2.0667
100-62,1.2
108-26,1.616
108-46,1.9527
1-14,4.2
51-78,6
66-58,6.8
77-10,0.2
83-26,1.4667
108-6,1.2793
12-70,0.9333
14-14,0.3333
15-82,2.7333
12-54,2.2667
14-78,1.8
98-26,2.4
19-82,12.1333
77-54,0
83-46,2.1333
83-54,2.4667
100-66,1.7333
136-26,1.8667
3-58,0.7333
7-10,2.202
12-22,0.7333
43-18,1.54
51-74,3.6667
82-14,0.6667
98-18,3
6-14,1.6667
13-2,4.4
66-46,9.1333
431-33,7.6
431-41,12
431-65,6.1333
392-57,1
392-61,1.0667
401-5,21.1333
400-5,2.4
402-1,2.4
402-9,0.4
402-13,5.0667
402-41,4.4
402-53,10.3333
402-61,11.8
402-65,4.8
403-21,3.6667
403-25,5.3333
403-41,3.0667
403-57,3.0667
404-1,1
404-25,26.2
404-21,16.1333
404-89,4
381-37,14.8667
408-45,2.7333
408-69,5.7333
398-5,16.2
398-17,11.9333
398-57,6.9333
265-13,1.2667
265-29,1.1333
265-33,1
207-17,0.0667
389-5,6.8667
389-61,2.7333
412-49,1.6
412-61,1.2667
412-77,6.7333
412-89,3.2
249-13,0.9333
249-57,1.4667
413-9,5.2
413-77,5.3333
414-49,3.4
414-53,2.6667
413-93,0
390-21,47.8667
422-49,7.5333
445-13,3.2
415-85,2.8667
416-5,0.7333
416-57,19.2
417-17,2.0667
438-61,9.9333
438-69,1.7333
432-61,10.4667
428-57,5.4667
428-69,10.3333
423-49,6.2667
445-33,2.7333
417-1,2.4
445-41,3.3333
422-17,4.6
423-13,3
391-17,12.4
464-1,0.9333
463-13,2.7333
467-21,3.3333
467-29,2.4667
266-13,3.2
468-25,6.7333
468-45,24.0667
468-69,4.9333
469-21,4.0667
516-81,5.2667
452-57,9.6
441-1,0.8
442-25,9.0667
443-25,8.3333
443-53,4.2
443-65,1.8
446-45,8.1333
446-57,14.6
454-13,13.6667
454-21,8.9333
454-25,11.6
457-65,3.6
452-9,3
452-17,9.8667
451-33,2.9333
451-49,9.8667
450-1,1.4
450-5,1.5333
450-29,1.8667
450-41,9.6
464-13,1.2
464-21,2.1333
464-25,8.8
468-29,3.5333
468-33,6.5333
468-65,8.9333
481-81,11.6667
481-85,12.2
482-1,1
483-5,4.6
513-41,3.6667
514-5,5.0667
514-17,3.9333
491-1,1.0667
519-29,1.0667
505-17,8.4667
537-61,21.2667
537-73,11.2667
537-77,5.7333
536-1,6.8667
536-29,6.3333
535-9,2.4
535-13,3.36
535-45,2.4
521-41,8.6
518-37,7.2
518-53,11.5333
518-69,2.8667
518-73,4.9333
518-77,5.4667
518-85,4.0667
518-93,8.4667
520-5,1.3333
441-53,12.8
424-9,5.8667
454-41,8.6667
454-49,4.4667
456-1,8.5333
456-29,9.3333
464-33,4.3333
464-69,1.7333
464-73,3.4
505-5,10.6
469-37,14.0667
482-73,5.0667
482-97,2.9333
513-1,0.8667
513-17,2.3333
517-33,4.0667
517-37,4.8667
517-65,7.6667
504-1,6.3333
504-5,3.4667
441-5,1.6
441-13,1.5333
441-29,1.2667
446-1,1.5333
449-5,1.4
449-65,3.9333
478-9,11.2
391-29,9.7333
463-1,1.1333
481-69,14.0667
489-9,1.2
494-1,0.7333
492-1,0.4
493-13,1.1333
533-17,9.7998
533-29,10.0839
533-41,2.4855
533-49,7.8825
449-85,1.6
455-21,3.2
457-13,3
514-49,13.0667
514-61,10.5333
487-9,0.4
488-1,0.5333
480-25,2.2667
480-49,2.8
480-53,12
480-57,4.2
480-69,1.4667
481-1,12.4667
481-13,12.9333
481-65,25.2667
497-1,0.9333
501-5,1.4667
502-5,1.4667
502-13,3.9333
503-9,3.0667
