NRS_TRIP_CODE,SAMPLE_DEPTH_M,TSS_MG_PER_L,TSS_FLAG,INORGANIC_FRACTION_MG_PER_L,ORGANIC_FRACTION_MG_PER_L,SECCHI_DEPTH_M,SECCHI_FLAG
NRSPHB20101110,0,0.7,1,0.5,0.3,16,0
NRSKAI20110427,0,1.1,0,0.6,0.6,(null),0
NRSNSI20100214,0,0.6,1,0.4,0.2,25,0
NRSPHB20110420,0,0.6,1,0.2,0.4,19,0
NRSNSI20100411,0,1.1,1,0.7,0.4,19,0
NRSNIN20101108,0,1.3,1,0.5,0.8,14,0
NRSMAI20120412,0,0.5,1,0.1,0.4,12,0
NRSMAI20120412,0,0.2,1,0,0.2,12,0
NRSPHB20111206,0,1.4,1,1.1,0.2,15,0
NRSPHB20111206,0,2.7,1,2.4,0.4,15,0
NRSYON20100909,0,1.1,1,0.8,0.3,13,0
NRSYON20100909,0,0.8,1,0.5,0.3,13,0
NRSKAI20120116,0,1.7,1,1,0.7,(null),0
NRSKAI20120116,0,2.1,1,1.4,0.7,(null),0
NRSPHB20090422,0,16.2,4,13.1,3.1,13.25,0
NRSPHB20100316,0,1.7,1,1.1,0.6,17.5,0
NRSPHB20101019,0,11.9,4,10.6,1.3,19.5,0
NRSYON20120208,0,1.2,1,0.9,0.1,11,0
NRSYON20120208,0,1.1,1,0.7,0.1,11,0
NRSPHB20110619,0,26.9,4,23.1,3.8,14,0
NRSYON20100119,0,1.8,1,1.5,0.3,14,0
NRSYON20100119,0,1.4,1,1.1,0.3,14,0
NRSROT20100617,0,1,1,0.7,0.3,15.5,0
NRSYON20111213,0,1.3,1,1.1,0.2,5.5,0
NRSYON20111213,0,1.2,1,0.9,0.3,5.5,0
NRSPHB20111117,0,2.2,1,1.7,0.5,15,0
NRSPHB20111117,0,2.1,1,1.8,0.3,15,0
NRSYON20091215,0,1.5,1,1.1,0.4,11,0
NRSYON20091215,0,1.4,1,1,0.4,11,0
NRSPHB20120517,0,1.2,1,0.9,0.4,11,1
NRSPHB20120517,0,1,1,0.5,0.5,11,1
NRSMAI20090716,0,1.3,1,0.9,0.4,20,1
NRSYON20100729,0,1.5,1,1.2,0.3,20,0
NRSYON20100729,0,1.2,1,0.9,0.3,20,0
NRSNIN20120226,0,1.3,1,0.8,0.1,8,0
NRSNIN20120226,0,1.3,1,0.8,0.1,8,0
NRSNIN20110706,0,0.7,1,0.3,0.4,15.5,0
NRSROT20100416,0,1.1,1,0.9,0.3,17.3,0
NRSESP20110512,0,0.7,1,0.3,0.4,12,0
NRSYON20110414,0,1.2,1,0.8,0.4,16,0
NRSYON20110414,0,1.3,1,0.9,0.4,16,0
NRSMAI20110812,0,0.6,1,0.2,0.4,21,0
NRSMAI20110531,0,0.5,1,0,0.5,16,0
NRSMAI20090421,0,2.1,1,1.6,0.5,15.2,1
NRSMAI20090506,0,0.7,1,0.2,0.5,9,1
NRSESP20090512,0,(null),9,(null),(null),14,1
NRSPHB20090819,0,(null),9,(null),(null),15.5,0
NRSMAI20090907,0,15.9,4,13.1,2.8,17,0
NRSNSI20091006,0,(null),9,(null),(null),17,0
NRSMAI20091111,0,1.6,1,1.1,0.5,19,1
NRSPHB20100119,0,1.7,1,1.1,0.6,15,0
NRSMAI20100527,0,0.8,1,0.6,0.3,26,0
NRSMAI20100722,0,0.7,1,0.5,0.3,22,0
NRSROT20100924,0,0.3,1,0.3,0.1,22,0
NRSPHB20120212,0,(null),9,(null),(null),13.5,0
NRSYON20110527,0,1.5,1,1.1,0.4,13,0
NRSYON20110527,0,1.4,1,0.9,0.4,13,0
NRSDAR20110627,0,1.7,1,1.5,0.2,8,1
NRSPHB20090623,0,6.5,2,5.8,0.7,12,0
NRSYON20090909,0,2.5,1,1.7,0.8,9.5,0
NRSYON20090909,0,14.4,4,11.9,2.5,9.5,0
NRSMAI20091013,0,1.7,1,1.1,0.6,11,1
NRSESP20091216,0,(null),9,(null),(null),13.2,1
NRSROT20101124,0,0.7,1,0.4,0.3,17.2,0
NRSKAI20100419,0,9,0,7.8,1.2,(null),0
NRSYON20100521,0,1.4,1,1.2,0.3,11,0
NRSYON20100521,0,2.6,1,2.3,0.3,11,0
NRSROT20100723,0,0.7,1,0.4,0.4,19.5,0
NRSKAI20110319,0,2,0,1,1.1,(null),0
NRSROT20110923,0,0.6,1,0.3,0.4,21.5,0
NRSROT20120130,0,0.6,1,0.2,0.4,15,0
NRSROT20120130,0,0.9,1,0.4,0.4,15,0
NRSROT20120221,0,0.5,1,0.2,0.3,20.5,1
NRSROT20120221,0,0.7,1,0.3,0.4,20.5,1
NRSKAI20120415,0,0.7,1,0.2,0.5,15.5,1
NRSKAI20120415,0,2.3,1,1.7,0.7,15.5,1
NRSKAI20110718,0,1,0,0.4,0.6,13.5,0
NRSPHB20100218,0,(null),9,(null),(null),17.5,1
NRSPHB20120311,0,0.5,1,0,0.5,17.5,0
NRSPHB20120311,0,0.6,1,0.3,0.3,17.5,0
NRSPHB20111018,0,7.3,4,6.3,1,11,0
NRSESP20090623,0,(null),9,(null),(null),13,1
NRSDAR20111005,0,7.8,2,6.7,1.2,2.1,1
NRSDAR20111005,0,7.7,2,6.6,1.1,2.1,1
NRSNSI20091215,0,(null),9,(null),(null),13.5,0
NRSMAI20090820,0,1.4,1,0.3,1.1,19,0
NRSKAI20100315,0,(null),9,(null),(null),(null),9
NRSNSI20100322,0,0.8,1,0.5,0.4,18,0
NRSYON20101101,0,1.1,1,1,0.1,15,0
NRSYON20101101,0,1.1,1,0.9,0.2,15,0
NRSESP20110818,0,1.4,1,1,0.5,11,0
NRSDAR20120114_21:30,0,(null),9,(null),(null),2,1
NRSYON20120112,0,1.1,1,0.7,0.4,9.5,0
NRSYON20120112,0,1.2,1,0.9,0.4,9.5,0
NRSROT20120329,0,0.8,1,0.2,0.5,16.5,0
NRSROT20120329,0,0.8,1,0.3,0.5,16.5,0
NRSMAI20120524,0,0.2,1,0,0.2,16,0
NRSMAI20120524,0,0.4,1,0.1,0.3,16,0
NRSPHB20110517,0,0.9,1,0.5,0.4,14.5,0
NRSMAI20111005,0,1.1,1,0.6,0.5,10,0
NRSNSI20111013,0,13.1,4,11.2,1.9,21,0
NRSPHB20090714,0,(null),9,(null),(null),10,0
NRSPHB20090518,0,13.4,4,10.6,2.7,11.5,0
NRSPHB20091206,0,1.3,1,1.1,0.2,14,0
NRSNSI20091015,0,(null),9,(null),(null),12,0
NRSPHB20091110,0,1.2,1,0,1.2,22,0
NRSROT20100315,0,0.8,1,0.4,0.4,18.2,0
NRSKAI20101213,0,26.2,0,22.7,3.5,(null),0
NRSMAI20100615,0,1,1,0.7,0.3,21,0
NRSNSI20100618,0,1.1,1,0.7,0.4,12.5,0
NRSESP20100629,0,1,1,0.3,0.7,10.7,1
NRSYON20100817,0,1.2,1,1,0.2,17,0
NRSYON20100817,0,1.4,1,1.1,0.3,17,0
NRSESP20110120,0,0.5,1,0.3,0.2,15,0
NRSMAI20101214,0,0.6,1,0.3,0.3,11,0
NRSNIN20111107,0,0.4,1,0.2,0.2,18,0
NRSDAR20120115_03:35,0,(null),9,(null),(null),1.5,1
NRSNSI20111220,0,1.4,1,0.9,0.5,18,1
NRSNSI20111220,0,0.6,1,0.3,0.3,18,1
NRSESP20120229,0,1.8,1,0.7,0.3,10,0
NRSESP20120229,0,1.9,1,0.6,0.3,10,0
NRSMAI20120222,0,0.5,1,0.2,0.3,15,0
NRSMAI20120222,0,0.3,1,0.1,0.3,15,0
NRSKAI20120215,0,12.3,1,9.4,2.9,15.5,0
NRSKAI20120215,0,13.1,1,10.1,3,15.5,0
NRSNSI20110412,0,0.5,1,0.2,0.3,27,0
NRSYON20110811,0,1.1,1,0.9,0.2,14,0
NRSYON20110811,0,0.7,1,0.5,0.2,14,0
NRSYON20110720,0,1,1,0.7,0.4,18,0
NRSYON20110720,0,0.9,1,0.6,0.4,18,0
NRSNSI20110727,0,0.4,1,0.3,0.1,17,0
NRSPHB20090318,0,(null),9,(null),(null),10,0
NRSPHB20091011,0,2.4,1,1.4,1,14,0
NRSROT20091222,0,(null),9,(null),(null),16.3,0
NRSMAI20100120,0,1.3,1,1,0.3,11.5,0
NRSESP20100322,0,1.4,1,0.7,0.7,10.5,1
NRSKAI20101120,0,15.3,0,12.7,2.6,(null),0
NRSPHB20101213,0,2.1,1,1.3,0.8,8.5,0
NRSNSI20100711,0,1.1,1,0.7,0.5,18,0
NRSPHB20110203,0,1.1,1,0.7,0.4,18,1
NRSNIN20110209,0,1.5,1,0.9,0.6,12.5,0
NRSPHB20110228,0,0.8,1,0.3,0.5,20.5,0
NRSROT20111221,0,5.7,2,4.9,0.8,21,0
NRSROT20111221,0,6.1,2,5.2,0.9,21,0
NRSROT20110826,0,1.1,1,0.7,0.4,12.5,0
NRSNSI20120213,0,1,1,0.5,0.5,19,0
NRSNSI20120213,0,1.2,1,0.8,0.4,19,0
NRSMAI20120326,0,0.5,1,0,0.5,22,0
NRSMAI20120326,0,0.2,1,0,0.2,22,0
NRSROT20110527,0,0.5,1,0.2,0.3,13.5,0
NRSROT20110324,0,0.4,1,0,0.4,13.5,0
NRSKAI20090601,0,5.5,0,4.5,1.1,13.2,0
NRSPHB20091018,0,1.7,1,0,1.6,15,0
NRSNSI20091101,0,(null),9,(null),(null),21,0
NRSKAI20100112,0,2,0,1,1.1,(null),0
NRSNSI20100121,0,0.8,1,0.4,0.4,29,1
NRSYON20101208,0,4.4,1,3.6,0.8,17.5,0
NRSYON20101208,0,4.9,1,4.2,0.8,17.5,0
NRSPHB20100908,0,1.2,1,0.7,0.5,(null),0
NRSROT20101215,0,0.8,1,0.5,0.3,20.5,0
NRSROT20110125,0,0.6,1,0.2,0.4,15.5,0
NRSESP20111130,0,0.6,1,0.3,0.3,14,0
NRSESP20111130,0,0.7,1,0.4,0.3,14,0
NRSNSI20110816,0,2,1,0.4,1.6,23,0
NRSNSI20110623,0,1.3,1,0.5,0.8,17,0
NRSNSI20111116,0,0.6,1,0.4,0.3,12,0
NRSNSI20111116,0,0.6,1,0.2,0.4,12,0
NRSMAI20111214,0,0.3,1,0.1,0.3,9,0
NRSMAI20111214,0,0.3,1,0.1,0.3,9,0
NRSKAI20090205,0,(null),9,(null),(null),17.8,0
NRSESP20090917,0,1.3,1,0.9,0.4,11.5,1
NRSPHB20090920,0,1.7,1,1.2,0.5,16,0
NRSNSI20091021,0,(null),9,(null),(null),20,0
NRSROT20091026,0,0.6,1,0.2,0.4,15,0
NRSYON20100224,0,1.1,1,0.9,0.2,16,0
NRSYON20100224,0,1.5,1,1.1,0.3,16,0
NRSROT20100820,0,1.3,1,0.9,0.4,20,0
NRSESP20101013,0,3.2,1,2.6,0.6,18,0
NRSYON20110118,0,1.4,1,1.1,0.3,15,0
NRSYON20110118,0,2,1,1.6,0.4,15,0
NRSYON20111027,0,1.8,1,1,0.8,21,0
NRSYON20111027,0,1.5,1,0.8,0.7,21,0
NRSROT20111020,0,1.2,1,0.3,0.9,17,0
NRSPHB20100609,0,0.6,1,0,0.6,20.5,0
NRSYON20110323,0,1.9,1,1.6,0.4,5.5,0
NRSYON20110323,0,1.9,1,1.5,0.4,5.5,0
NRSNIN20110501,0,0.9,1,0.4,0.5,9,0
NRSYON20110616,0,1.5,1,1.2,0.3,18,0
NRSYON20110616,0,1.8,1,1.5,0.2,18,0
NRSROT20110725,0,0.8,1,0.3,0.4,14,0
NRSMAI20111026,0,0.4,1,0.1,0.3,13,0
NRSPHB20090924,0,1.9,1,1.3,0.6,10.75,0
NRSMAI20091207,0,0.3,1,0,0.3,14,1
NRSMAI20100505,0,2.2,1,1.5,0.8,36,0
NRSROT20100520,0,1.2,1,0.9,0.4,17,0
NRSMAI20120119,0,0.4,1,0.2,0.3,15,0
NRSMAI20120119,0,0.3,1,0.1,0.3,15,0
NRSYON20110217,0,2,1,1.6,0.4,10,0
NRSYON20110217,0,2.3,1,1.8,0.5,10,0
NRSMAI20110223,0,0.1,1,0.1,0.1,23,0
NRSROT20110224,0,0.4,1,0.2,0.2,18,0
NRSDAR20120114_23:35,0,(null),9,(null),(null),2,1
NRSDAR20120115_05:40,0,(null),9,(null),(null),1.75,0
NRSNSI20101215,0,1.6,1,1.4,0.3,21,0
NRSROT20111122,0,0.8,1,0.3,0.5,21.5,0
NRSROT20111122,0,0.9,1,0.4,0.5,21.5,0
NRSNSI20090916,0,(null),9,(null),(null),19,0
NRSYON20100413,0,1.6,1,1.3,0.3,13,0
NRSYON20100413,0,1.3,1,1.1,0.2,13,0
NRSNSI20110119,0,1.2,1,0.7,0.5,12,0
NRSROT20110622,0,0.4,1,0.2,0.2,12,0
NRSPHB20090223,0,5,2,4.2,0.9,17.75,0
NRSYON20091123,0,2.5,1,1.3,1.3,14,0
NRSYON20091123,0,6.9,2,5.2,1.8,14,0
NRSNSI20101115,0,1,1,0.6,0.4,16,0
NRSKAI20111219,0,27.5,4,23,4.5,(null),0
NRSKAI20111219,0,23.9,4,20,3.9,(null),0
NRSYON20110908,0,1,1,0.7,0.3,13,0
NRSYON20110908,0,1,1,0.7,0.3,13,0
NRSKAI20091215,0,16.9,0,14.5,2.4,(null),0
NRSKAI20091115,0,2.1,0,1,1.1,(null),0
NRSKAI20090114,0,(null),9,(null),(null),13.5,0
NRSMAI20090601,0,1.4,2,0.3,1.1,17,0
NRSKAI20091007,0,0.3,0,0.1,0.3,(null),0
NRSPHB20100510,0,2.8,1,2,0.9,19.5,0
NRSNSI20100520,0,1.4,1,0.9,0.5,16,0
NRSPHB20100702,0,0.7,1,0.5,0.2,13.5,0
NRSNSI20100817,0,2.5,1,1.9,0.7,20,0
NRSPHB20100817,0,1.3,1,0.9,0.4,15,0
NRSNSI20100916,0,1,1,0.7,0.3,13.5,0
NRSMAI20101001,0,2.9,1,2.3,0.6,16,0
NRSMAI20101027,0,0.7,1,0.3,0.5,13,0
NRSKAI20110123,0,4.2,0,2.6,1.6,(null),0
NRSNSI20110220,0,1.1,1,0.6,0.5,23,0
NRSKAI20110223,0,1.3,0,0.8,0.5,(null),0
NRSNSI20110323,0,0.6,1,0.3,0.3,27,0
NRSPHB20110329,0,0.3,1,0,0.3,21,0
NRSMAI20110407,0,0.1,1,0,0.1,17,0
NRSNSI20110606,0,0.6,1,0.4,0.3,22,0
NRSPHB20110717,0,1.6,1,1.1,0.5,10,0
NRSMAI20110725,0,0.7,1,0.2,0.5,13,0
NRSPHB20110829,0,0.7,1,0.3,0.4,26,0
NRSPHB20110914,0,11.3,4,9.9,1.4,15,0
NRSPHB20110914,0,8.2,4,7,1.3,15,0
NRSNSI20110915,0,1.2,1,0.8,0.5,17,0
NRSKAI20111026,0,4.4,0,3.5,0.9,(null),9
NRSKAI20111115,0,1.8,0,1.5,0.3,(null),0
NRSKAI20111115,0,0.9,0,0.5,0.4,(null),0
NRSDAR20120417,0,4.3,1,3,0.8,6,0
NRSDAR20120417,0,4.6,1,2.5,1.4,6,0
NRSDAR20120729_16:30,0,11.3,1,9.8,1.5,(null),9
NRSDAR20120729_16:30,0,12.5,1,10.9,1.6,(null),9
NRSDAR20120729_19:30,0,13.5,1,10.8,2.7,(null),9
NRSDAR20120729_19:30,0,10.7,1,7.9,2.8,(null),9
NRSDAR20120729_22:30,0,10.5,1,8.8,1.8,4,0
NRSDAR20120729_22:30,0,10.8,1,16.5,0,4,0
NRSDAR20120730_01:30,0,7.3,1,5.3,2,4,0
NRSDAR20120730_01:30,0,7.7,1,5.6,2.1,4,0
NRSMAI20120621,0,1.3,1,0.7,0.6,16,0
NRSMAI20120621,0,0.4,1,0,0.4,16,0
NRSMAI20120724,0,0.2,1,0.1,0.2,19,0
NRSMAI20120724,0,0.2,1,-0.1,0.2,19,0
NRSMAI20120820,0,0.4,1,0.2,0.2,15,0
NRSMAI20120820,0,0.4,1,0.1,0.3,15,0
NRSNSI20081217,0,(null),9,(null),(null),(null),0
NRSNSI20090114,0,(null),9,(null),(null),(null),0
NRSNSI20090218,0,(null),9,(null),(null),14,0
NRSNSI20090318,0,(null),9,(null),(null),(null),0
NRSNSI20090416,0,(null),9,(null),(null),21,0
NRSNSI20090527,0,(null),9,(null),(null),4,0
NRSNSI20090618,0,(null),9,(null),(null),11,0
NRSNSI20090720,0,(null),9,(null),(null),19,0
NRSNSI20090819,0,(null),9,(null),(null),19,0
NRSNSI20120229,0,1,1,0.4,0.6,16,1
NRSNSI20120229,0,1.3,1,0.7,0.7,16,1
NRSNSI20120511,0,1,1,0.4,0.6,16,0
NRSNSI20120511,0,1.1,1,0.6,0.6,16,0
NRSNSI20120620,0,1,1,0.5,0.5,12,0
NRSNSI20120620,0,1,1,0.4,0.7,12,0
NRSNSI20120806,0,1.2,1,0.6,0.6,22,0
NRSNSI20120806,0,2.8,1,2.2,0.6,22,0
NRSNSI20120821,0,1.5,1,0.6,0.9,19,1
NRSNSI20120821,0,1.9,1,1.6,0.3,19,1
NRSNSI20120912,0,0.8,1,0.3,0.5,21,1
NRSNSI20121017,0,0.8,1,0.5,0.3,13,1
NRSNSI20121017,0,0.8,1,0.5,0.3,13,1
NRSPHB20100413,0,(null),9,(null),(null),16.5,0
NRSPHB20120717,0,0.5,1,0.3,0.3,12.5,0
NRSYON20120402,0,1.5,1,1,0.5,14,0
NRSYON20120402,0,1.5,1,1,0.5,14,0
NRSYON20120424,0,1.2,1,0.7,0.5,17,0
NRSYON20120424,0,1.5,1,1,0.5,17,0
NRSYON20120604,0,0.9,1,0.5,0.4,15,0
NRSYON20120604,0,0.9,1,0.5,0.4,15,0
NRSYON20120726,0,1.1,1,0.5,0.6,14,1
NRSYON20120726,0,0.9,1,0.3,0.6,14,1
NRSYON20120816,0,0.8,1,0.5,0.3,18,0
NRSYON20120816,0,0.6,1,0.5,0.2,18,0
NRSKAI20081019,0,(null),9,(null),(null),(null),9
NRSKAI20081110,0,(null),9,(null),(null),(null),0
NRSKAI20100721,0,10,0,9,1,(null),9
NRSKAI20081211,0,(null),9,(null),(null),11.5,0
NRSKAI20100215,0,(null),9,(null),(null),19.2,0
NRSNIN20120827,0,0.6,1,0.3,0.3,20,0
NRSNIN20120827,0,0.4,1,0.1,0.3,20,0
NRSROT20120504,0,0.7,1,0.3,0.4,12.5,0
NRSROT20120504,0,0.8,1,0.4,0.4,12.5,0
NRSROT20120523,0,2.8,1,0.9,1.9,14,0
NRSROT20120523,0,2.7,1,0.8,2,14,0
NRSROT20120727,0,0.6,1,0.2,0.3,17,0
NRSROT20120727,0,0.6,1,0.2,0.4,17,0
NRSROT20120824,0,0.6,1,0.3,0.3,18,0
NRSROT20120824,0,0.6,1,0.2,0.3,18,0
NRSESP20120612,0,0.7,1,0.3,0.4,12,0
NRSESP20120612,0,0.7,1,0.4,0.3,12,0
NRSESP20120910,0,0.8,1,0.3,0.6,13,0
NRSESP20120910,0,0.9,1,0.3,0.6,13,0
NRSMAI20121002,0,0.5,1,0.1,0.3,15,0
NRSMAI20121002,0,0.3,1,0,0.3,15,0
NRSNIN20120509,0,1.2,1,0.7,0.5,12.5,0
NRSNIN20120509,0,0.9,1,0.4,0.5,12.5,0
NRSNSI20121114,0,0.8,1,0.6,0.3,16.5,1
NRSNSI20121114,0,1.3,1,0.8,0.5,16.5,1
NRSDAR20121208_16:30,0,4.5,1,3.8,0.7,(null),0
NRSDAR20121208_16:30,0,5.3,1,4.5,0.9,(null),0
NRSDAR20121208_20:00,0,4,1,3.6,0.5,(null),0
NRSDAR20121208_20:00,0,3.9,1,3,0.9,(null),0
NRSDAR20121208_23:30,0,3.9,1,3.4,0.5,4.5,0
NRSDAR20121208_23:30,0,3.6,1,3.1,0.6,4.5,0
NRSDAR20121209_03:00,0,4.4,1,3.5,0.8,5,1
NRSDAR20121209_03:00,0,3.8,1,3,0.8,5,1
NRSYON20121219,0,1.4,1,0.9,0.5,18,0
NRSYON20121219,0,0.9,1,0.4,0.4,18,0
NRSYON20121129,0,1.1,1,0.5,0.6,16,0
NRSYON20121129,0,1.3,1,0.6,0.7,16,0
NRSYON20121026,0,1.5,1,1,0.5,20,0
NRSYON20121026,0,1.5,1,1,0.5,20,0
NRSYON20120918,0,0.8,1,0.4,0.5,21,0
NRSYON20120918,0,0.8,1,0.4,0.4,21,0
NRSNSI20130111,0,1.3,1,0.6,0.7,14,1
NRSNSI20130111,0,1.2,1,0.8,0.4,14,1
NRSNSI20130123,0,0.8,1,0.3,0.5,22,1
NRSNSI20130123,0,0.8,1,0.4,0.4,22,1
NRSPHB20120821,0,0.5,1,0,0.6,16,0
NRSPHB20120821,0,2.8,1,2,0.8,16,0
NRSMAI20121017,0,0.3,1,0.1,0.3,13,1
NRSMAI20121017,0,0.8,1,0.4,0.4,13,1
NRSDAR20121029,0,11.1,1,8.4,2.7,1.8,0
NRSDAR20121029,0,11.7,1,8.8,2.9,1.8,0
NRSPHB20121009,0,11.9,4,9.2,2.7,10,0
NRSPHB20121009,0,1,1,0.3,0.7,10,0
NRSPHB20120917,0,0.8,1,0.1,0.8,16.5,0
NRSPHB20120917,0,0.9,1,0.4,0.5,16.5,0
NRSESP20121212,0,0.8,1,0.3,0.5,11.5,0
NRSESP20121212,0,0.9,1,0.4,0.5,11.5,0
NRSNIN20121107,0,0.6,1,0.5,0.1,14.5,0
NRSNIN20121107,0,0.5,1,0.5,0.1,14.5,0
NRSNIN20130209,0,0.7,1,0.2,0.5,23,0
NRSNIN20130209,0,0.6,1,0.3,0.2,23,0
NRSROT20120928,0,1,1,0.6,0.3,15,0
NRSROT20120928,0,1.2,1,0.9,0.3,15,0
NRSROT20121019,0,0.7,1,0.3,0.3,25,1
NRSROT20121019,0,0.7,1,0.7,0,25,1
NRSROT20121126,0,0.6,1,0.3,0.3,22,1
NRSROT20121126,0,0.6,1,0.3,0.3,22,1
NRSROT20130125,0,0.7,1,0.4,0.3,14,1
NRSROT20130125,0,0.9,1,0.5,0.4,14,1
NRSMAI20121112,0,0.6,1,0.1,0.4,10,0
NRSMAI20121112,0,0.7,1,0.2,0.4,10,0
NRSMAI20130129,0,0.6,1,0.2,0.4,10,1
NRSMAI20130129,0,0.6,1,0.2,0.4,10,1
NRSDAR20130405,0,9,1,8.1,0.9,4.5,1
NRSDAR20130405,0,8.6,1,7.6,1,4.5,1
NRSNSI20130326,0,1.2,1,0.6,0.7,13,1
NRSNSI20130326,0,1.2,1,0.5,0.7,13,1
NRSNSI20130418,0,0.5,1,0.3,0.3,34,1
NRSNSI20130418,0,0.4,1,0.3,0.1,34,1
NRSMAI20130313,0,1.3,1,0.7,0.6,15,1
NRSMAI20130313,0,1,1,0.6,0.4,15,1
NRSMAI20130424,0,0.5,1,0.3,0.2,15,0
NRSMAI20130424,0,0.5,1,0.2,0.3,15,0
NRSMAI20130214,0,0.5,1,0.2,0.3,18,0
NRSMAI20130214,0,0.4,1,0.2,0.2,18,0
NRSPHB20121120,0,0.2,1,0,0.5,12,0
NRSPHB20121120,0,0.6,1,0.1,0.6,12,0
NRSYON20130131,0,1.1,1,0.4,0.7,15,0
NRSYON20130131,0,1.1,1,0.5,0.7,15,0
NRSYON20130220,0,1.3,1,0.9,0.4,19,0
NRSYON20130220,0,1.4,1,1,0.4,19,0
NRSYON20130416,0,1.9,1,1.4,0.5,11,0
NRSYON20130416,0,1.8,1,1.2,0.6,11,0
NRSPHB20130227,0,0.7,1,0.4,0.3,11,0
NRSPHB20130227,0,0.2,1,0,0.2,11,0
NRSPHB20121218,0,3,1,2.4,0.6,9,0
NRSPHB20121218,0,0.2,1,0.1,0.1,9,0
NRSROT20121219,0,0,4,0,0.3,18,1
NRSROT20121219,0,0.9,1,0.5,0.4,18,1
NRSESP20130314,0,0.6,1,0.3,0.3,21,1
NRSESP20130314,0,0.6,1,0.3,0.3,21,1
NRSNSI20131212,0,1.2,1,0.5,0.7,9,1
NRSNSI20131212,0,1.7,1,1.1,0.6,9,1
NRSDAR20140117_21:30,0,55.9,1,53.9,2,0.5,1
NRSDAR20140117_21:30,0,54.4,1,53.8,0.6,0.5,1
NRSDAR20140118_00:30,0,83.6,1,80.5,3.1,0.5,1
NRSDAR20140118_00:30,0,117.8,1,113.8,4,0.5,1
NRSDAR20140118_03:30,0,70.6,1,66.7,3.9,0.5,0
NRSDAR20140118_03:30,0,73.4,1,69.6,3.9,0.5,0
NRSDAR20140117_19:50,0,51.8,1,48,3.8,(null),9
NRSDAR20140117_19:50,0,53.2,1,48.8,4.4,(null),9
NRSYON20131015,0,1.8,1,1.2,0.6,14,1
NRSYON20131015,0,1.6,1,1.1,0.5,14,1
NRSYON20131114,0,1.1,1,0.7,0.4,11,1
NRSYON20131114,0,1.1,1,0.6,0.4,11,1
NRSYON20131205,0,1.4,1,0.9,0.5,15,0
NRSYON20131205,0,1,1,0.7,0.4,15,0
NRSYON20140122,0,1.9,1,1.5,0.4,13,0
NRSYON20140122,0,1.8,1,1.2,0.5,13,0
NRSYON20140220,0,1.5,1,1.1,0.5,10,0
NRSYON20140220,0,2,1,1.4,0.6,10,0
NRSYON20140317,0,0.7,1,0.2,0.5,16,0
NRSYON20140317,0,0.8,1,0.4,0.4,16,0
NRSMAI20130924,0,0.7,1,0.3,0.5,14,1
NRSMAI20130924,0,0.7,1,0.4,0.4,14,1
NRSROT20130221,0,0.6,1,0.2,0.4,22,0
NRSROT20130221,0,0.5,1,0.2,0.3,22,0
NRSPHB20130319,0,1.1,1,0.6,0.5,23.5,0
NRSPHB20130319,0,1,1,0.4,0.6,23.5,0
NRSROT20130321,0,0.7,1,0.3,0.4,23.5,0
NRSROT20130321,0,0.5,1,0.2,0.3,23.5,0
NRSPHB20130422,0,0.4,1,0,0.5,17,0
NRSPHB20130422,0,0.5,1,0,0.5,17,0
NRSROT20130423,0,0.7,1,0.3,0.3,16,0
NRSROT20130423,0,0.8,1,0.4,0.4,16,0
NRSNIN20130509,0,1.3,1,0.9,0.4,12,0
NRSNIN20130509,0,1.2,1,0.8,0.5,12,0
NRSPHB20130514,0,0.4,1,0,0.4,15,0
NRSPHB20130514,0,0.5,1,0.1,0.4,15,0
NRSYON20130515,0,1.7,2,1.3,0.4,13,0
NRSYON20130515,0,2.3,2,1.8,0.5,13,0
NRSROT20130517,0,1.1,1,0.5,0.6,12,1
NRSMAI20130528,0,1.1,1,0.7,0.4,19,0
NRSMAI20130528,0,0.6,1,0.3,0.3,19,0
NRSMAI20130611,0,0.6,1,0.3,0.3,21,0
NRSMAI20130611,0,0.6,1,0.3,0.3,21,0
NRSYON20130611,0,2.3,1,1.8,0.5,11,0
NRSYON20130611,0,2.1,1,1.6,0.5,11,0
NRSPHB20130611,0,1.1,4,0.8,0.3,17,1
NRSPHB20130611,0,0.5,1,0.3,0.1,17,1
NRSDAR20130617_08:00,0,6.3,1,5,1.4,3.5,1
NRSDAR20130617_08:00,0,5.1,1,4.1,1,3.5,1
NRSDAR20130617_11:30,0,6.8,1,5.7,1.1,(null),9
NRSDAR20130617_11:30,0,6,1,5.1,0.9,(null),9
NRSDAR20130617_15:00,0,4.9,1,3.9,1,(null),9
NRSDAR20130617_15:00,0,5.9,1,4.5,1.3,(null),9
NRSDAR20130617_18:30,0,4.9,1,3.7,1.2,(null),9
NRSDAR20130617_18:30,0,5.5,1,4.5,1,(null),9
NRSNSI20130706,0,0.9,1,0.5,0.4,23,0
NRSNSI20130706,0,0.9,1,0.7,0.3,23,0
NRSROT20130712,0,0.8,1,0.4,0.4,19,1
NRSROT20130712,0,0.8,1,0.5,0.3,19,1
NRSYON20130719,0,1.4,1,1,0.5,14,0
NRSYON20130719,0,2,1,1.5,0.5,14,0
NRSESP20130725,0,0.8,1,0.4,0.3,14,1
NRSESP20130725,0,0.7,1,0.4,0.3,14,1
NRSPHB20130725,0,0.9,1,0.4,0.5,13,1
NRSPHB20130725,0,0.7,1,0.3,0.4,13,1
NRSNSI20130806,0,1,1,0.6,0.4,23,0
NRSNSI20130806,0,1.4,1,0.6,0.8,23,0
NRSNIN20130806,0,1.5,1,1.1,0.4,22,1
NRSNIN20130806,0,2.1,1,1.6,0.5,22,1
NRSMAI20130807,0,0.7,1,0.4,0.3,18,0
NRSMAI20130807,0,0.6,1,0.3,0.4,18,0
NRSYON20130808,0,1.2,1,0.9,0.3,22,0
NRSYON20130808,0,1,1,0.7,0.4,22,0
NRSNSI20130819,0,0.9,1,0.3,0.6,13,0
NRSNSI20130819,0,0.9,1,0.4,0.5,13,0
NRSMAI20130821,0,0.8,1,0.5,0.3,17,1
NRSMAI20130821,0,0.5,1,0.3,0.2,17,1
NRSPHB20130826,0,1.5,1,0.9,0.6,17,1
NRSPHB20130826,0,0.6,1,0.2,0.4,17,1
NRSKAI20130827,0,5.3,1,4.1,1.2,(null),0
NRSKAI20130827,0,5.1,1,3.7,1.4,(null),0
NRSYON20130912,0,2.5,1,1.2,1.4,11,1
NRSYON20130912,0,2.2,1,0.9,1.3,11,1
NRSNSI20130913,0,1.1,1,0.5,0.6,19,0
NRSNSI20130913,0,1.1,1,0.9,0.2,19,0
NRSPHB20130915,0,1.2,1,0.6,0.6,12,1
NRSPHB20130915,0,1.1,1,0.6,0.6,12,1
NRSDAR20130916,0,5.3,1,4.3,1.1,5,1
NRSDAR20130916,0,7.1,1,5.7,1.4,5,1
NRSROT20131001,0,0.8,1,0.4,0.4,13,1
NRSROT20131001,0,0.8,1,0.3,0.5,13,1
NRSNSI20131016,0,1.1,1,0.7,0.4,19,1
NRSNSI20131016,0,1.1,1,0.6,0.5,19,1
NRSROT20131017,0,0.8,1,0.5,0.3,13,1
NRSROT20131017,0,1,1,0.5,0.5,13,1
NRSPHB20131020,0,0.6,1,0.1,0.5,15,1
NRSPHB20131020,0,1,1,0.5,0.6,15,1
NRSPHB20131027,0,0.8,1,0.2,0.6,15.5,0
NRSPHB20131027,0,1.2,1,0.1,1.1,15.5,0
NRSMAI20131117,0,0.8,1,0.5,0.3,17,0
NRSMAI20131117,0,0.7,1,0.4,0.4,17,0
NRSNSI20131121,0,1.3,1,0.9,0.5,18,1
NRSNSI20131121,0,1.2,1,0.6,0.6,18,1
NRSPHB20131202,0,0.6,1,0.5,0.2,18,0
NRSPHB20131202,0,0.6,1,0.1,0.5,18,0
NRSMAI20131217,0,1.4,1,0.8,0.6,16,0
NRSMAI20131217,0,0.8,1,0.3,0.5,16,0
NRSPHB20140120,0,0.6,1,0.2,0.4,10,1
NRSPHB20140120,0,1,1,0.4,0.7,10,1
NRSMAI20140205,0,0.6,1,0.1,0.6,17,0
NRSMAI20140205,0,0.4,1,0.1,0.3,17,0
NRSPHB20140211,0,2,1,1.7,0.3,12,1
NRSPHB20140211,0,2.3,1,1.4,0.9,12,1
NRSNSI20140213,0,0.5,1,0.3,0.2,30,1
NRSNSI20140213,0,0.5,1,0.5,0,30,1
NRSESP20120309,0,(null),9,(null),(null),14.5,0
NRSNSI20130520,0,1.1,1,0.7,0.4,17,0
NRSNSI20130520,0,1.1,1,0.6,0.5,17,0
NRSMAI20140408,0,0.6,1,0.3,0.4,15,0
NRSMAI20140408,0,0.6,1,0.3,0.3,15,0
NRSDAR20140403,0,60.4,1,56.8,3.6,4,1
NRSDAR20140403,0,61.2,1,58,3.2,4,1
NRSNSI20140306,0,1.1,1,0.6,0.6,20,1
NRSNSI20140306,0,1.2,1,0.6,0.7,20,1
NRSROT20131122,0,0.9,1,0.5,0.4,15,1
NRSROT20131122,0,0.5,1,0.2,0.3,15,1
NRSROT20131218,0,0.5,1,0.3,0.2,17,1
NRSROT20131218,0,0.6,1,0.2,0.3,17,1
NRSROT20140122,0,0.8,1,0.4,0.5,15,1
NRSROT20140122,0,1,1,0.6,0.4,15,1
NRSNSI20140404,0,1.2,1,0.6,0.6,30,1
NRSNSI20140404,0,0.9,1,0.6,0.3,30,1
NRSNSI20140507,0,1,1,0.6,0.4,17,1
NRSNSI20140507,0,1.1,1,0.7,0.4,17,1
NRSNSI20140623,0,0.4,1,0,0.4,18,1
NRSNSI20140623,0,0.9,1,0.3,0.6,18,1
NRSPHB20140317,0,0.9,1,0.5,0.4,19.5,1
NRSPHB20140317,0,0.6,1,0.4,0.2,19.5,1
NRSMAI20140516,0,0.8,1,0.3,0.5,13,1
NRSMAI20140516,0,0.6,1,0.3,0.4,13,1
NRSROT20140227,0,0.6,1,0.3,0.3,21,1
NRSROT20140227,0,0.5,1,0.2,0.3,21,1
NRSNSI20140725,0,1.1,1,0.4,0.7,17,1
NRSNSI20140725,0,0.9,1,0.3,0.6,17,1
NRSMAI20140619,0,0.5,1,0.2,0.4,18,1
NRSMAI20140619,0,0.5,1,0.2,0.4,18,1
NRSMAI20140703,0,0.7,1,0.4,0.4,19,1
NRSMAI20140703,0,0.6,1,0.3,0.3,19,1
NRSDAR20140702,0,23,1,20.7,2.3,2,1
NRSDAR20140702,0,22.7,1,19.7,3,2,1
NRSKAI20140313,0,1.3,1,0.5,0.8,(null),9
NRSKAI20140313,0,1.3,1,0.5,0.8,(null),9
NRSDAR20140906_00:30,0,8.3,1,6.9,1.5,7,1
NRSDAR20140906_00:30,0,6.3,1,5.1,1.2,7,1
NRSKAI20140507,0,2.4,1,1.7,0.7,(null),9
NRSKAI20140507,0,3.7,1,2.7,1,(null),9
NRSPHB20140427,0,0.6,1,0.3,0.3,16,1
NRSPHB20140427,0,1.2,1,0.9,0.4,16,1
NRSPHB20140515,0,0.3,1,0.3,0.1,22.5,0
NRSPHB20140515,0,0.2,1,0.1,0.1,22.5,0
NRSPHB20140612,0,0.4,1,0.1,0.3,15,1
NRSPHB20140612,0,0.7,1,0.3,0.4,15,1
NRSPHB20140716,0,0.9,1,0.4,0.5,20,1
NRSPHB20140716,0,0.8,1,0.3,0.6,20,1
NRSPHB20140824,0,6.3,1,5,1.4,12.5,0
NRSPHB20140824,0,4,1,3.2,0.8,12.5,0
NRSPHB20140911,0,3.5,1,2.7,0.8,14,1
NRSPHB20140911,0,1.3,1,0.6,0.7,14,1
NRSROT20140319,0,0.6,0,0.2,0.4,24,1
NRSROT20140319,0,0.6,0,0.3,0.3,24,1
NRSROT20140519,0,0.7,0,0.2,0.5,10,1
NRSROT20140519,0,1,0,0.6,0.4,10,1
NRSROT20140624,0,0.7,0,0.4,0.3,13,1
NRSROT20140624,0,0.7,0,0.3,0.3,13,1
NRSYON20140501,0,0.4,1,0.1,0.3,16,1
NRSYON20140501,0,1.7,1,1.2,0.5,16,1
NRSYON20140527,0,2,1,1.6,0.3,16,1
NRSYON20140527,0,0.8,1,0.6,0.2,16,1
NRSYON20140624,0,1.6,1,1.4,0.2,16,1
NRSYON20140624,0,2.3,1,1.9,0.4,16,1
NRSYON20140717,0,1,1,0.7,0.3,16,1
NRSYON20140717,0,1.1,1,0.8,0.3,16,1
NRSYON20140820,0,1.8,0,1.2,0.6,14,1
NRSYON20140820,0,1.7,0,1.1,0.5,14,1
NRSYON20140910,0,1.2,1,0.8,0.4,18,1
NRSYON20140910,0,1.1,1,0.7,0.4,18,1
NRSKAI20140122,0,1.1,1,0.8,0.4,(null),9
NRSKAI20140122,0,2.6,1,1.9,0.7,(null),9
NRSMAI20140318,0,0.4,1,0,0.4,14,1
NRSMAI20140318,0,0.5,1,0.2,0.4,14,1
NRSMAI20140807,0,0.5,1,0.3,0.3,21,1
NRSMAI20140807,0,0.6,1,0.3,0.4,21,1
NRSKAI20140713,0,1.5,1,0.8,0.7,(null),9
NRSKAI20140713,0,1.1,1,0.7,0.4,(null),9
NRSMAI20140915,0,0.5,1,0.3,0.2,17,1
NRSMAI20140915,0,0.4,1,0.2,0.2,17,1
NRSROT20140902,0,0.8,1,0.3,0.5,12,1
NRSROT20140902,0,0.7,1,0.3,0.4,12,1
NRSROT20140919,0,0.9,1,0.5,0.5,14,1
NRSROT20140919,0,0.8,1,0.4,0.5,14,1
NRSROT20141014,0,0.6,1,0.2,0.4,20,1
NRSROT20141014,0,0.6,1,0.2,0.4,20,1
NRSNSI20140901,0,0.8,1,0.2,0.7,26,1
NRSNSI20140901,0,1,1,0.5,0.5,26,1
NRSNSI20140917,0,1.8,1,1.1,0.7,18,1
NRSNSI20140917,0,1.3,1,0.7,0.6,18,1
NRSNSI20141020,0,1,1,0.4,0.6,22,1
NRSNSI20141020,0,1,1,0.4,0.7,22,1
NRSMAI20140821,0,0.4,1,0.1,0.2,20,0
NRSMAI20140821,0,0.6,1,0.4,0.3,20,0
NRSROT20140730,0,1.3,0,0.8,0.5,15,1
NRSROT20140730,0,1.1,0,0.6,0.5,15,1
NRSDAR20140906_06:30,0,4.3,1,3.3,1.1,5,1
NRSDAR20140906_06:30,0,4.5,1,3.2,1.4,5,1
NRSDAR20140906_03:30,0,2.3,1,1.7,0.7,5.5,1
NRSDAR20140906_03:30,0,2.6,1,1.8,0.8,5.5,1
NRSDAR20140906_09:30,0,3.6,1,2.8,0.8,(null),9
NRSDAR20140906_09:30,0,2.9,1,2.3,0.6,(null),9
NRSMAI20141029,0,0.8,1,0.4,0.4,18,1
NRSMAI20141029,0,0.8,1,0.4,0.4,18,1
NRSPHB20141021,0,(null),9,(null),(null),10,0
NRSPHB20141021,0,(null),9,(null),(null),10,0
NRSNSI20141107,0,1.1,1,0.7,0.4,22,1
NRSNSI20141107,0,1.1,1,0.4,0.7,22,1
NRSNSI20141223,0,1.3,1,0.5,0.8,15,1
NRSNSI20141223,0,3.7,1,2.6,1.1,15,1
NRSROT20141119,0,1.1,1,0.6,0.6,17,1
NRSROT20141119,0,0.7,1,0.4,0.3,17,1
NRSNSI20150119,0,0.9,1,-0.1,0.9,27,1
NRSNSI20150119,0,1.2,1,0.3,0.9,27,1
NRSMAI20141127,0,0.4,1,0.1,0.3,24,1
NRSMAI20141127,0,0.4,1,0.2,0.3,24,1
NRSDAR20141130,0,6.3,1,5.2,1.1,2.5,1
NRSDAR20141130,0,7.4,1,5.1,2.3,2.5,1
NRSMAI20141208,0,0.7,1,0.3,0.4,13,1
NRSMAI20141208,0,0.7,1,0.3,0.4,13,1
NRSPHB20150121,0,0.5,1,0,0.5,10,1
NRSPHB20150121,0,0.6,1,0.3,0.4,10,1
NRSPHB20141208,0,0.7,0,0.4,0.3,16,0
NRSPHB20141208,0,0.8,0,0.5,0.4,16,0
NRSKAI20141029,0,1.3,1,1,0.3,(null),9
NRSKAI20141029,0,1.1,1,0.8,0.3,(null),9
NRSKAI20141201,0,1,1,0.6,0.4,(null),9
NRSKAI20141201,0,1.1,1,0.8,0.3,(null),9
NRSPHB20141112,0,0.5,1,0.2,0.3,16,1
NRSPHB20141112,0,0.9,1,0.3,0.6,16,1
NRSDAR20150202_21:30,0,20.2,1,18,2.2,2.5,1
NRSDAR20150202_21:30,0,19.9,1,18.2,1.7,2.5,1
NRSDAR20150203_03:30,0,13.5,1,12,1.5,3,1
NRSDAR20150203_03:30,0,13.7,1,12,1.7,3,1
NRSDAR20150203_06:30,0,43.7,1,41.1,2.6,3,1
NRSDAR20150203_06:30,0,47,1,44.8,2.2,3,1
NRSDAR20150203_00:30,0,22.1,1,19.5,2.6,3,1
NRSDAR20150203_00:30,0,21.7,1,19.6,2.1,3,1
NRSDAR20150316,0,14.3,1,11.7,2.6,4,1
NRSDAR20150316,0,7.5,1,6.2,1.3,4,1
NRSROT20141216,0,1.2,1,0.6,0.6,20,1
NRSROT20141216,0,0.7,1,0.4,0.3,20,1
NRSROT20150128,0,0.8,1,0.3,0.5,21.5,1
NRSROT20150128,0,0.7,1,0.3,0.4,21.5,1
NRSROT20150224,0,0.6,1,0.2,0.4,21,1
NRSROT20150224,0,0.6,1,0.3,0.3,21,1
NRSPHB20150225,0,0.6,1,0.2,0.4,17,1
NRSPHB20150225,0,0.5,1,0.3,0.2,17,1
NRSMAI20150312,0,0.6,1,0.1,0.5,15,1
NRSMAI20150312,0,0.6,1,0.3,0.4,15,1
NRSMAI20150224,0,0.3,1,0.1,0.2,17,1
NRSMAI20150224,0,0.4,1,0.2,0.2,17,1
NRSNSI20150304,0,3,1,2.3,0.8,27,1
NRSNSI20150304,0,0.9,1,0.8,0.1,27,1
NRSNSI20150323,0,1.3,0,0.4,0.9,18,1
NRSNSI20150323,0,0.8,0,0.3,0.6,18,1
NRSYON20141014,0,1.2,0,0.7,0.5,9,1
NRSYON20141014,0,1.5,0,0.8,0.6,9,1
NRSYON20141120,0,1.7,0,1.1,0.6,12,1
NRSYON20141120,0,1.9,0,1.5,0.4,12,1
NRSYON20141209,0,0.9,0,0.4,0.4,18,1
NRSYON20141209,0,0.5,0,0.1,0.4,18,1
NRSYON20150119,0,3.3,0,2.3,1,15,1
NRSYON20150119,0,3.1,0,2.2,0.9,15,1
NRSDAR20150505,0,28.3,0,26.3,2,1.3,1
NRSDAR20150505,0,26.6,0,24.8,1.8,1.3,1
NRSKAI20150224,0,3.2,0,2.3,0.9,(null),9
NRSKAI20150224,0,4.4,0,3.5,1,(null),9
NRSKAI20150408,0,0.9,0,0.7,0.2,(null),9
NRSKAI20150408,0,1.2,0,0.9,0.3,(null),9
NRSMAI20150421,0,0.4,0,0.2,0.3,19,1
NRSMAI20150421,0,0.5,0,0.2,0.3,19,1
NRSMAI20150526,0,0.4,0,0.1,0.3,23,1
NRSMAI20150526,0,0.3,0,0,0.3,23,1
NRSYON20150324,0,1,0,0.7,0.3,12,1
NRSYON20150324,0,1,0,0.8,0.2,12,1
NRSYON20150224,0,1.5,1,0.9,0.6,12,1
NRSYON20150224,0,0.9,1,0.3,0.6,12,1
NRSKAI20150629,0,1.4,0,0.7,0.7,(null),9
NRSKAI20150909,0,1.3,0,0.7,0.6,(null),9
NRSKAI20150909,0,1.3,0,0.5,0.8,(null),9
NRSKAI20151116,0,2.3,0,1.6,0.7,(null),9
NRSKAI20151116,0,2.2,0,1.3,0.9,(null),9
NRSNSI20160517,0,1.3,0,0.4,0.9,29,0
NRSNSI20160517,0,1,0,0.6,0.4,29,0
NRSKAI20160223,0,1.4,0,1,0.4,(null),9
NRSKAI20160223,0,2,0,1.1,0.9,(null),9
NRSKAI20160525,0,0.9,0,0.7,0.3,11.5,0
NRSKAI20160525,0,1.1,0,0.8,0.3,11.5,0
NRSNSI20160623,0,1.1,0,0.7,0.5,15,0
NRSNSI20160623,0,1.1,0,0.6,0.6,15,0
NRSMAI20160630,0,0.5,0,0.2,0.3,14,0
NRSMAI20160630,0,0.4,0,0.1,0.3,14,0
NRSMAI20160720,0,0.7,0,0.4,0.4,14,0
NRSMAI20160720,0,0.9,0,0.5,0.4,14,0
NRSROT20160413,0,0.4,0,0.2,0.2,16,1
NRSROT20160413,0,0.4,0,0.1,0.3,16,1
NRSROT20160527,0,1,0,0.6,0.4,8.5,0
NRSROT20160527,0,1.1,0,0.6,0.5,8.5,0
NRSROT20160621,0,0.6,0,0.4,0.2,13,0
NRSROT20160621,0,0.5,0,0.3,0.2,13,0
NRSDAR20160530,0,15.3,0,10.4,4.9,3.5,0
NRSDAR20160530,0,15.1,0,11.5,3.6,3.5,0
NRSPHB20160502,0,0.4,0,0.1,0.3,14,0
NRSPHB20160502,0,0.6,0,0.1,0.5,14,0
NRSYON20160624,0,5.4,0,4.4,1,19,0
NRSYON20160624,0,5.2,0,4.1,1.1,19,0
NRSNSI20160720,0,0.6,0,0.2,0.5,25,1
NRSNSI20160720,0,0.8,0,0.4,0.5,25,1
NRSNSI20160822,0,1.2,0,0.7,0.6,19,0
NRSNSI20160822,0,0.8,0,0.2,0.6,19,0
NRSMAI20160831,0,0.4,0,0.2,0.3,16,0
NRSMAI20160831,0,0.4,0,0.2,0.2,16,0
NRSROT20160502,0,0.6,0,0.2,0.4,16,0
NRSROT20160502,0,0.6,0,0.3,0.4,16,0
NRSMAI20160927,0,0.6,0,0.1,0.4,12,0
NRSMAI20160927,0,0.6,0,0.2,0.4,12,0
NRSNSI20160920,0,0.6,0,0.2,0.5,19,0
NRSNSI20160920,0,1,0,0.5,0.5,19,0
NRSPHB20160615,0,0.8,0,0.4,0.4,17,0
NRSPHB20160615,0,0.7,0,0.3,0.4,17,0
NRSYON20160725,0,0.9,0,0.5,0.4,13,1
NRSYON20160725,0,0.9,0,0.6,0.3,13,1
NRSYON20160823,0,1.1,0,0.8,0.3,16,1
NRSYON20160823,0,1.1,0,0.8,0.3,16,1
NRSROT20161004,0,0.7,0,0.3,0.4,16,1
NRSROT20161004,0,0.7,0,0.3,0.4,16,1
NRSROT20161024,0,0.6,0,0.2,0.3,17.5,1
NRSROT20161024,0,0.5,0,0.1,0.4,17.5,1
NRSDAR20160723,0,26.1,0,22.1,4,1.5,1
NRSDAR20160723,0,26.4,0,22.9,3.6,1.5,1
NRSDAR20160724_0130,0,26,0,23.3,2.7,2,1
NRSDAR20160724_0130,0,31.7,0,29,2.7,2,1
NRSDAR20160724_0430,0,39.9,0,34.6,5.3,2,1
NRSDAR20160724_0430,0,25.9,0,22.7,3.1,2,1
NRSDAR20160724_0730,0,22,0,18.7,3.3,2.5,0
NRSDAR20160724_0730,0,24.1,0,20.6,3.6,2.5,0
NRSNSI20161019,0,0.7,0,0.4,0.3,19,0
NRSNSI20161019,0,0.7,0,0.1,0.6,19,0
NRSKAI20160915,0,0.8,0,0.3,0.5,(null),9
NRSKAI20160915,0,1,0,0.6,0.5,(null),9
NRSPHB20160719,0,0.8,0,0.1,0.7,11,1
NRSPHB20160719,0,1,0,0.1,0.9,11,1
NRSPHB20160829,0,0.6,0,0,0.6,15,1
NRSPHB20160829,0,0.7,0,0.2,0.5,15,1
NRSYON20160927,0,1,0,0.6,0.4,11,0
NRSYON20160927,0,0.9,0,0.5,0.4,11,0
NRSNSI20161116,0,0.3,0,0.1,0.3,29,0
NRSNSI20161116,0,0.8,0,0.6,0.3,29,0
NRSNSI20161215,0,1.1,0,0.4,0.7,15,0
NRSNSI20161215,0,1.5,0,1,0.5,15,0
NRSNSI20170117,0,1.2,0,0.8,0.4,25,0
NRSNSI20170117,0,0.5,0,0.2,0.3,25,0
NRSMAI20161117,0,2.2,0,1.1,1.1,20,0
NRSMAI20161117,0,2.1,0,1.1,1,20,0
NRSMAI20170104,0,0.5,0,0,0.4,12,0
NRSMAI20170104,0,0.4,0,0,0.4,12,0
NRSMAI20170223,0,0.5,0,0.3,0.2,13,0
NRSMAI20170223,0,0.4,0,0.3,0.1,13,0
NRSROT20161114,0,0.6,0,0.2,0.4,17.5,0
NRSROT20161114,0,0.4,0,0.1,0.3,17.5,0
NRSKAI20161118,0,1.9,0,1.4,0.6,0,0
NRSKAI20161118,0,2.1,0,1.4,0.7,0,0
NRSYON20161012,0,1,0,0.5,0.6,17,0
NRSYON20161012,0,1.5,0,0.9,0.6,17,0
NRSNSI20170217,0,0.6,0,0.3,0.4,22,0
NRSNSI20170217,0,1,0,0.5,0.6,22,0
NRSPHB20160926,0,0.4,0,0,0.4,16,0
NRSPHB20160926,0,0.3,0,0,0.3,16,0
NRSYON20161108,0,1.3,0,0.8,0.5,14,0
NRSYON20161108,0,1.6,0,1,0.7,14,0
NRSYON20161207,0,6.4,0,4.9,1.5,11,0
NRSYON20161207,0,6.5,0,5,1.5,11,0
NRSYON20170120,0,1.3,0,0.8,0.5,18,0
NRSYON20170120,0,1.2,0,0.7,0.6,18,0
NRSYON20170220,0,0.8,0,0.4,0.3,11.5,0
NRSYON20170220,0,1.7,0,1.1,0.6,11.5,0
NRSPHB20161030,0,0.5,0,0,0.5,14,0
NRSPHB20161030,0,0.5,0,0,0.5,14,0
NRSPHB20161204,0,0.5,0,0.1,0.4,16,0
NRSPHB20161204,0,0.6,0,0.3,0.3,16,0
NRSPHB20170205,0,0.5,0,0.1,0.5,11,0
NRSPHB20170205,0,0.9,0,0.3,0.6,11,0
NRSNSI20170424,0,1.5,0,0.9,0.6,22,0
NRSNSI20170424,0,1,0,0.6,0.5,22,0
NRSDAR20161107,0,7.8,0,5.9,1.9,2.5,0
NRSDAR20161107,0,7,0,5.3,1.7,2.5,0
NRSKAI20170315,0,12.6,0,9.9,2.7,0,9
NRSKAI20170315,0,13.8,0,11,2.8,0,9
NRSMAI20170323,0,0.4,0,0.2,0.2,19,0
NRSMAI20170323,0,0.5,0,0.2,0.3,19,0
NRSMAI20170412,0,0.4,0,0.1,0.4,19,0
NRSMAI20170412,0,0.3,0,0,0.3,19,0
NRSROT20161214,0,0.3,0,0,0.3,26,0
NRSROT20161214,0,0.4,0,0.1,0.4,26,0
NRSROT20170120,0,0.4,0,0.1,0.3,20,0
NRSROT20170120,0,0.3,0,0,0.3,20,0
NRSROT20170303,0,0.4,0,0.1,0.3,15.5,0
NRSROT20170303,0,0.8,0,0.4,0.4,15.5,0
NRSNSI20170717,0,(null),0,(null),(null),26,0
NRSMAI20160303,0,(null),0,(null),(null),15,0
NRSDAR20160202_0630,0,(null),0,(null),(null),2,0
NRSNSI20110412,0,(null),0,(null),(null),27,0
NRSPHB20110420,0,(null),0,(null),(null),19,0
NRSNSI20150907,0,(null),0,(null),(null),12,1
NRSDAR20170516,0,(null),0,(null),(null),2,0
NRSPHB20110228,0,(null),0,(null),(null),20.5,0
NRSPHB20091018,0,(null),0,(null),(null),15,0
NRSNSI20151119,0,(null),0,(null),(null),20,0
NRSDAR20170715_0630,0,(null),0,(null),(null),2,0
NRSYON20160601,0,(null),0,(null),(null),12,0
NRSMAI20150811,0,(null),0,(null),(null),15,0
NRSKAI20110319,0,(null),0,(null),(null),(null),0
NRSROT20101215,0,(null),0,(null),(null),20.5,0
NRSDAR20170203_0330,0,(null),0,(null),(null),2.5,0
NRSMAI20160530,0,(null),0,(null),(null),20,0
NRSPHB20090924,0,(null),0,(null),(null),10.75,0
NRSNSI20091115,0,(null),0,(null),(null),20,1
NRSMAI20111005,0,(null),0,(null),(null),10,0
NRSYON20151111,0,(null),0,(null),(null),15,1
NRSYON20170528,0,(null),0,(null),(null),13,0
NRSMAI20110531,0,(null),0,(null),(null),16,0
NRSMAI20090506,0,(null),0,(null),(null),9,1
NRSKAI20081110,0,(null),0,(null),(null),(null),0
NRSMAI20090421,0,(null),0,(null),(null),15.2,1
NRSPHB20100510,0,(null),0,(null),(null),19.5,0
NRSROT20100617,0,(null),0,(null),(null),15.5,0
NRSKAI20110223,0,(null),0,(null),(null),(null),0
NRSROT20110826,0,(null),0,(null),(null),12.5,0
NRSNSI20110323,0,(null),0,(null),(null),27,0
NRSPHB20091110,0,(null),0,(null),(null),22,0
NRSNSI20110915,0,(null),0,(null),(null),17,0
NRSROT20110622,0,(null),0,(null),(null),12,0
NRSYON20150923,0,(null),0,(null),(null),25,1
NRSNSI20150731,0,(null),0,(null),(null),26,0
NRSNSI20160120,0,(null),0,(null),(null),28.5,0
NRSKAI20160223,0,(null),0,(null),(null),(null),9
NRSNSI20160318,0,(null),0,(null),(null),23,0
NRSESP20090512,0,(null),0,(null),(null),14,1
NRSNIN20110209,0,(null),0,(null),(null),12.5,0
NRSNSI20090618,0,(null),0,(null),(null),11,0
NRSMAI20160530,0,(null),0,(null),(null),20,0
NRSNSI20150817,0,(null),0,(null),(null),21,1
NRSPHB20110329,0,(null),0,(null),(null),21,0
NRSPHB20090714,0,(null),0,(null),(null),10,0
NRSNSI20151119,0,(null),0,(null),(null),20,0
NRSNSI20110119,0,(null),0,(null),(null),12,0
NRSNSI20090720,0,(null),0,(null),(null),19,0
NRSROT20100315,0,(null),0,(null),(null),18.2,0
NRSKAI20150629,0,(null),0,(null),(null),(null),9
NRSROT20160722,0,(null),0,(null),(null),23.5,0
NRSROT20160722,0,(null),0,(null),(null),23.5,0
NRSDAR20160202_0330,0,(null),0,(null),(null),1.5,0
NRSNSI20100618,0,(null),0,(null),(null),12.5,0
NRSPHB20160201,0,(null),0,(null),(null),16,0
NRSDAR20170715_0630,0,(null),0,(null),(null),2,0
NRSNSI20170627,0,(null),0,(null),(null),16,0
NRSKAI20130220,0,(null),0,(null),(null),(null),0
NRSROT20101124,0,(null),0,(null),(null),17.2,0
NRSESP20090623,0,(null),0,(null),(null),13,1
NRSNSI20090218,0,(null),0,(null),(null),14,0
NRSNSI20170829,0,(null),0,(null),(null),18,0
NRSDAR20150803_22:30,0,(null),0,(null),(null),2.2,1
NRSDAR20150804_01:30,0,(null),0,(null),(null),1.5,1
NRSROT20170626,0,(null),0,(null),(null),16,0
NRSROT20170407,0,(null),0,(null),(null),16,0
NRSMAI20091013,0,(null),0,(null),(null),11,1
NRSNSI20150512,0,(null),0,(null),(null),21,1
NRSPHB20151013,0,(null),0,(null),(null),19,0
NRSROT20170626,0,(null),0,(null),(null),16,0
NRSDAR20150803_22:30,0,(null),0,(null),(null),2.2,1
NRSESP20110818,0,(null),0,(null),(null),11,0
NRSYON20160215,0,(null),0,(null),(null),19,0
NRSDAR20160201_2130,0,(null),0,(null),(null),1.5,0
NRSMAI20160428,0,(null),0,(null),(null),12,0
NRSYON20120615,0,(null),0,(null),(null),20,0
NRSYON20151027,0,(null),0,(null),(null),12,1
NRSPHB20151013,0,(null),0,(null),(null),19,0
NRSNSI20100121,0,(null),0,(null),(null),29,1
NRSNSI20110816,0,(null),0,(null),(null),23,0
NRSDAR20150803_19:32,0,(null),0,(null),(null),(null),9
NRSROT20160223,0,(null),0,(null),(null),17,0
NRSPHB20170517,0,(null),0,(null),(null),19,0
NRSMAI20170601,0,(null),0,(null),(null),17,0
NRSROT20160324,0,(null),0,(null),(null),16,0
NRSPHB20090623,0,(null),0,(null),(null),12,0
NRSKAI20130220,0,(null),0,(null),(null),(null),0
NRSNSI20091006,0,(null),0,(null),(null),17,0
NRSROT20170523,0,(null),0,(null),(null),13,0
NRSNSI20150907,0,(null),0,(null),(null),12,1
NRSROT20170523,0,(null),0,(null),(null),13,0
NRSYON20170705,0,(null),0,(null),(null),13,0
NRSPHB20170419,0,(null),0,(null),(null),17,0
NRSPHB20101110,0,(null),0,(null),(null),16,0
NRSDAR20170202_2130,0,(null),0,(null),(null),2.5,0
NRSROT20150701,0,(null),0,(null),(null),9.5,1
NRSDAR20170715_0330,0,(null),0,(null),(null),2,0
NRSPHB20090223,0,(null),0,(null),(null),17.75,0
NRSMAI20090716,0,(null),0,(null),(null),20,1
NRSNSI20090527,0,(null),0,(null),(null),4,0
NRSKAI20100315,0,(null),0,(null),(null),(null),9
NRSDAR20170203_0030,0,(null),0,(null),(null),2.5,0
NRSNSI20091101,0,(null),0,(null),(null),21,0
NRSNSI20100916,0,(null),0,(null),(null),13.5,0
NRSROT20110725,0,(null),0,(null),(null),14,0
NRSMAI20151118,0,(null),0,(null),(null),9,0
NRSKAI20100112,0,(null),0,(null),(null),(null),0
NRSYON20170705,0,(null),0,(null),(null),13,0
NRSROT20170428,0,(null),0,(null),(null),20,0
NRSNIN20110706,0,(null),0,(null),(null),15.5,0
NRSROT20100924,0,(null),0,(null),(null),22,0
NRSNSI20170717,0,(null),0,(null),(null),26,0
NRSNSI20090318,0,(null),0,(null),(null),(null),0
NRSPHB20170614,0,(null),0,(null),(null),16,0
NRSMAI20150811,0,(null),0,(null),(null),15,0
NRSKAI20081211,0,(null),0,(null),(null),11.5,0
NRSMAI20100615,0,(null),0,(null),(null),21,0
NRSMAI20110223,0,(null),0,(null),(null),23,0
NRSDAR20150804_04:30,0,(null),0,(null),(null),1.5,9
NRSMAI20160321,0,(null),0,(null),(null),23,1
NRSYON20160321,0,(null),0,(null),(null),12,0
NRSKAI20170518,0,(null),0,(null),(null),(null),9
NRSMAI20100722,0,(null),0,(null),(null),22,0
NRSNSI20110623,0,(null),0,(null),(null),17,0
NRSMAI20160321,0,(null),0,(null),(null),23,1
NRSROT20170802,0,(null),0,(null),(null),14,0
NRSNSI20170829,0,(null),0,(null),(null),18,0
NRSDAR20120114_23:35,0,(null),0,(null),(null),2,1
NRSYON20160215,0,(null),0,(null),(null),19,0
NRSNSI20160120,0,(null),0,(null),(null),28.5,0
NRSNSI20090819,0,(null),0,(null),(null),19,0
NRSROT20100723,0,(null),0,(null),(null),19.5,0
NRSPHB20091206,0,(null),0,(null),(null),14,0
NRSYON20151111,0,(null),0,(null),(null),15,1
NRSPHB20150330,0,(null),0,(null),(null),24,0
NRSPHB20091011,0,(null),0,(null),(null),14,0
NRSNSI20151027,0,(null),0,(null),(null),20,0
NRSMAI20151216,0,(null),0,(null),(null),11,0
NRSYON20150430,0,(null),0,(null),(null),13,1
NRSROT20151215,0,(null),0,(null),(null),17.5,1
NRSYON20150804,0,(null),0,(null),(null),20,0
NRSPHB20151215,0,(null),0,(null),(null),16,1
NRSYON20150618,0,(null),0,(null),(null),13,1
NRSYON20150825,0,(null),0,(null),(null),16,0
NRSPHB20100218,0,(null),0,(null),(null),17.5,1
NRSPHB20150630,0,(null),0,(null),(null),17,0
NRSMAI20151216,0,(null),0,(null),(null),11,0
NRSROT20110324,0,(null),0,(null),(null),13.5,0
NRSNSI20160412,0,(null),0,(null),(null),16,0
NRSMAI20110328,0,(null),0,(null),(null),12,0
NRSDAR20151117,0,(null),0,(null),(null),2.5,1
NRSROT20150924,0,(null),0,(null),(null),19,1
NRSMAI20110118,0,(null),0,(null),(null),10,1
NRSMAI20170626,0,(null),0,(null),(null),18,0
NRSMAI20100527,0,(null),0,(null),(null),26,0
NRSDAR20170715_0030,0,(null),0,(null),(null),2,0
NRSMAI20170801,0,(null),0,(null),(null),21,0
NRSPHB20170716,0,(null),0,(null),(null),18.5,0
NRSDAR20170516,0,(null),0,(null),(null),2,0
NRSNSI20100520,0,(null),0,(null),(null),16,0
NRSPHB20120717,0,(null),0,(null),(null),12.5,0
NRSNSI20150624,0,(null),0,(null),(null),16.5,1
NRSKAI20110427,0,(null),0,(null),(null),(null),0
NRSPHB20090819,0,(null),0,(null),(null),15.5,0
NRSNSI20101115,0,(null),0,(null),(null),16,0
NRSYON20150825,0,(null),0,(null),(null),16,0
NRSPHB20150630,0,(null),0,(null),(null),17,0
NRSMAI20170626,0,(null),0,(null),(null),18,0
NRSROT20160324,0,(null),0,(null),(null),16,0
NRSESP20110120,0,(null),0,(null),(null),15,0
NRSPHB20151115,0,(null),0,(null),(null),12.5,0
NRSPHB20120212,0,(null),0,(null),(null),13.5,0
NRSPHB20101213,0,(null),0,(null),(null),8.5,0
NRSMAI20100330,0,(null),0,(null),(null),18,0
NRSPHB20090318,0,(null),0,(null),(null),10,0
NRSYON20120615,0,(null),0,(null),(null),20,0
NRSNSI20090114,0,(null),0,(null),(null),(null),0
NRSKAI20081019,0,(null),0,(null),(null),(null),9
NRSROT20150319,0,(null),0,(null),(null),20,1
NRSYON20150430,0,(null),0,(null),(null),13,1
NRSPHB20110717,0,(null),0,(null),(null),10,0
NRSROT20151022,0,(null),0,(null),(null),17,1
NRSROT20150924,0,(null),0,(null),(null),19,1
NRSNSI20110220,0,(null),0,(null),(null),23,0
NRSPHB20100119,0,(null),0,(null),(null),15,0
NRSPHB20100609,0,(null),0,(null),(null),20.5,0
NRSKAI20091215,0,(null),0,(null),(null),(null),0
NRSNSI20110727,0,(null),0,(null),(null),17,0
NRSYON20150923,0,(null),0,(null),(null),25,1
NRSYON20160122,0,(null),0,(null),(null),13,0
NRSROT20091222,0,(null),0,(null),(null),16.3,0
NRSROT20150827,0,(null),0,(null),(null),19,1
NRSPHB20110517,0,(null),0,(null),(null),14.5,0
NRSROT20170802,0,(null),0,(null),(null),14,0
NRSPHB20150723,0,(null),0,(null),(null),16.5,0
NRSMAI20101027,0,(null),0,(null),(null),13,0
NRSNSI20100214,0,(null),0,(null),(null),25,0
NRSMAI20151001,0,(null),0,(null),(null),11,0
NRSROT20150827,0,(null),0,(null),(null),19,1
NRSPHB20170517,0,(null),0,(null),(null),19,0
NRSNSI20120912,0,(null),0,(null),(null),21,1
NRSROT20150701,0,(null),0,(null),(null),9.5,1
NRSKAI20110123,0,(null),0,(null),(null),(null),0
NRSROT20170428,0,(null),0,(null),(null),20,0
NRSMAI20160428,0,(null),0,(null),(null),12,0
NRSDAR20151117,0,(null),0,(null),(null),2.5,1
NRSNSI20101215,0,(null),0,(null),(null),21,0
NRSDAR20170203_0030,0,(null),0,(null),(null),2.5,0
NRSROT20150507,0,(null),0,(null),(null),18,1
NRSMAI20110725,0,(null),0,(null),(null),13,0
NRSNSI20160412,0,(null),0,(null),(null),16,0
NRSYON20170322,0,(null),0,(null),(null),20,0
NRSNSI20151027,0,(null),0,(null),(null),20,0
NRSYON20160503,0,(null),0,(null),(null),10,0
NRSNSI20170627,0,(null),0,(null),(null),16,0
NRSKAI20091115,0,(null),0,(null),(null),(null),0
NRSMAI20110407,0,(null),0,(null),(null),17,0
NRSMAI20150723,0,(null),0,(null),(null),19,0
NRSROT20150319,0,(null),0,(null),(null),20,1
NRSNSI20150512,0,(null),0,(null),(null),21,1
NRSROT20170331,0,(null),0,(null),(null),16,0
NRSNSI20150817,0,(null),0,(null),(null),21,1
NRSROT20110224,0,(null),0,(null),(null),18,0
NRSDAR20170715_0030,0,(null),0,(null),(null),2,0
NRSNSI20150528,0,(null),0,(null),(null),19,1
NRSKAI20100215,0,(null),0,(null),(null),19.2,0
NRSROT20111020,0,(null),0,(null),(null),17,0
NRSDAR20110627,0,(null),0,(null),(null),8,1
NRSNIN20101108,0,(null),0,(null),(null),14,0
NRSKAI20090114,0,(null),0,(null),(null),13.5,0
NRSROT20100520,0,(null),0,(null),(null),17,0
NRSNSI20091021,0,(null),0,(null),(null),20,0
NRSYON20150601,0,(null),0,(null),(null),12,1
NRSPHB20160229,0,(null),0,(null),(null),13,0
NRSPHB20160201,0,(null),0,(null),(null),16,0
NRSPHB20100702,0,(null),0,(null),(null),13.5,0
NRSROT20150507,0,(null),0,(null),(null),18,1
NRSMAI20100505,0,(null),0,(null),(null),36,0
NRSMAI20151118,0,(null),0,(null),(null),9,0
NRSPHB20160407,0,(null),0,(null),(null),14.5,0
NRSPHB20170614,0,(null),0,(null),(null),16,0
NRSKAI20101120,0,(null),0,(null),(null),(null),0
NRSNSI20110606,0,(null),0,(null),(null),22,0
NRSPHB20151115,0,(null),0,(null),(null),12.5,0
NRSDAR20120115_03:35,0,(null),0,(null),(null),1.5,1
NRSNIN20110501,0,(null),0,(null),(null),9,0
NRSROT20110527,0,(null),0,(null),(null),13.5,0
NRSPHB20150723,0,(null),0,(null),(null),16.5,0
NRSMAI20090907,0,(null),0,(null),(null),17,0
NRSDAR20160202_0030,0,(null),0,(null),(null),2,0
NRSROT20151215,0,(null),0,(null),(null),17.5,1
NRSPHB20110619,0,(null),0,(null),(null),14,0
NRSKAI20090205,0,(null),0,(null),(null),17.8,0
NRSDAR20120115_05:40,0,(null),0,(null),(null),1.75,0
NRSROT20100416,0,(null),0,(null),(null),17.3,0
NRSYON20151027,0,(null),0,(null),(null),12,1
NRSNSI20090416,0,(null),0,(null),(null),21,0
NRSKAI20091007,0,(null),0,(null),(null),(null),0
NRSYON20150618,0,(null),0,(null),(null),13,1
NRSNSI20100411,0,(null),0,(null),(null),19,0
NRSROT20110923,0,(null),0,(null),(null),21.5,0
NRSDAR20110627,0,(null),0,(null),(null),8,1
NRSDAR20170715_0330,0,(null),0,(null),(null),2,0
NRSPHB20090920,0,(null),0,(null),(null),16,0
NRSYON20150601,0,(null),0,(null),(null),12,1
NRSMAI20150723,0,(null),0,(null),(null),19,0
NRSPHB20101019,0,(null),0,(null),(null),19.5,0
NRSESP20110512,0,(null),0,(null),(null),12,0
NRSNSI20111013,0,(null),0,(null),(null),21,0
NRSYON20170322,0,(null),0,(null),(null),20,0
NRSPHB20100316,0,(null),0,(null),(null),17.5,0
NRSYON20160503,0,(null),0,(null),(null),10,0
NRSROT20100820,0,(null),0,(null),(null),20,0
NRSPHB20151215,0,(null),0,(null),(null),16,1
NRSROT20110125,0,(null),0,(null),(null),15.5,0
NRSYON20170528,0,(null),0,(null),(null),13,0
NRSNSI20150731,0,(null),0,(null),(null),26,0
NRSPHB20150819,0,(null),0,(null),(null),16.5,0
NRSDAR20170714_2130,0,(null),0,(null),(null),2.5,0
NRSMAI20170601,0,(null),0,(null),(null),17,0
NRSNSI20100711,0,(null),0,(null),(null),18,0
NRSROT20150724,0,(null),0,(null),(null),24,1
NRSKAI20101213,0,(null),0,(null),(null),(null),0
NRSMAI20160209,0,(null),0,(null),(null),18,0
NRSDAR20150803_19:32,0,(null),0,(null),(null),(null),9
NRSKAI20090601,0,(null),0,(null),(null),13.2,0
NRSMAI20160209,0,(null),0,(null),(null),18,0
NRSNSI20091015,0,(null),0,(null),(null),12,0
NRSDAR20120114_21:30,0,(null),0,(null),(null),2,1
NRSNSI20151216,0,(null),0,(null),(null),17,1
NRSNSI20151216,0,(null),0,(null),(null),17,1
NRSPHB20150330,0,(null),0,(null),(null),24,0
NRSNIN20111107,0,(null),0,(null),(null),18,0
NRSDAR20150804_04:30,0,(null),0,(null),(null),1.5,9
NRSPHB20090422,0,(null),0,(null),(null),13.25,0
NRSNSI20090916,0,(null),0,(null),(null),19,0
NRSMAI20101001,0,(null),0,(null),(null),16,0
NRSKAI20100721,0,(null),0,(null),(null),(null),9
NRSMAI20170801,0,(null),0,(null),(null),21,0
NRSROT20160223,0,(null),0,(null),(null),17,0
NRSROT20170331,0,(null),0,(null),(null),16,0
NRSNSI20081217,0,(null),0,(null),(null),(null),0
NRSROT20150724,0,(null),0,(null),(null),24,1
NRSDAR20170203_0330,0,(null),0,(null),(null),2.5,0
NRSPHB20150819,0,(null),0,(null),(null),16.5,0
NRSDAR20160202_0630,0,(null),0,(null),(null),2,0
NRSMAI20090820,0,(null),0,(null),(null),19,0
NRSKAI20111026,0,(null),0,(null),(null),(null),9
NRSPHB20160407,0,(null),0,(null),(null),14.5,0
NRSPHB20100817,0,(null),0,(null),(null),15,0
NRSKAI20110718,0,(null),0,(null),(null),13.5,0
NRSMAI20090601,0,(null),0,(null),(null),17,0
NRSPHB20110829,0,(null),0,(null),(null),26,0
NRSNSI20170516,0,(null),0,(null),(null),21.5,0
NRSNSI20160318,0,(null),0,(null),(null),23,0
NRSMAI20151001,0,(null),0,(null),(null),11,0
NRSPHB20090518,0,(null),0,(null),(null),11.5,0
NRSNSI20091215,0,(null),0,(null),(null),13.5,0
NRSPHB20160229,0,(null),0,(null),(null),13,0
NRSYON20160122,0,(null),0,(null),(null),13,0
NRSMAI20101214,0,(null),0,(null),(null),11,0
NRSPHB20111018,0,(null),0,(null),(null),11,0
NRSDAR20150804_01:30,0,(null),0,(null),(null),1.5,1
NRSPHB20170321,0,(null),0,(null),(null),(null),9
NRSROT20091026,0,(null),0,(null),(null),15,0
NRSDAR20170202_2130,0,(null),0,(null),(null),2.5,0
NRSDAR20170714_2130,0,(null),0,(null),(null),2.5,0
NRSNSI20150624,0,(null),0,(null),(null),16.5,1
NRSYON20151203,0,(null),0,(null),(null),15,0
NRSNSI20101018,0,(null),0,(null),(null),19,1
NRSYON20150804,0,(null),0,(null),(null),20,0
NRSDAR20160202_0030,0,(null),0,(null),(null),2,0
NRSMAI20110812,0,(null),0,(null),(null),21,0
NRSMAI20111026,0,(null),0,(null),(null),13,0
NRSDAR20160202_0330,0,(null),0,(null),(null),1.5,0
NRSKAI20170518,0,(null),0,(null),(null),(null),9
NRSPHB20170321,0,(null),0,(null),(null),(null),9
NRSYON20151203,0,(null),0,(null),(null),15,0
NRSDAR20170203_0630,0,(null),0,(null),(null),2.5,0
NRSDAR20170203_0630,0,(null),0,(null),(null),2.5,0
NRSNSI20150528,0,(null),0,(null),(null),19,1
NRSYON20160601,0,(null),0,(null),(null),12,0
NRSPHB20170419,0,(null),0,(null),(null),17,0
NRSPHB20150518,0,(null),0,(null),(null),11,1
NRSNSI20100322,0,(null),0,(null),(null),18,0
NRSPHB20110203,0,(null),0,(null),(null),18,1
NRSNSI20100817,0,(null),0,(null),(null),20,0
NRSPHB20150518,0,(null),0,(null),(null),11,1
NRSMAI20160303,0,(null),0,(null),(null),15,0
NRSYON20160321,0,(null),0,(null),(null),12,0
NRSPHB20170716,0,(null),0,(null),(null),18.5,0
NRSROT20151022,0,(null),0,(null),(null),17,1
NRSPHB20100413,0,(null),0,(null),(null),16.5,0
NRSROT20170407,0,(null),0,(null),(null),16,0
NRSYON20170426,0,(null),0,(null),(null),13,0
NRSYON20170426,0,(null),0,(null),(null),13,0
NRSPHB20100908,0,(null),0,(null),(null),(null),0
NRSDAR20160201_2130,0,(null),0,(null),(null),1.5,0
NRSKAI20100419,0,(null),0,(null),(null),(null),0
NRSNSI20170516,0,(null),0,(null),(null),21.5,0
