Sample,Station,Latitude,Longitude,SampleDateLocal,Year,Month,Day,Time_24hr,Centric diatom,Ciliate,Cyanobacteria,Dinoflagellate,Flagellate,Foraminifera,Pennate diatom,Radiozoa,Silicoflagellate
13185,Maria Island,-42.59667,148.23333,2020-08-10T10:05:00Z,2020,8,10,10:05:00,275,1425,0,16230.56,207827.77,0,750,0,150
13137,Maria Island,-42.59667,148.23333,2020-06-29T09:45:00Z,2020,6,29,09:45:00,250,600,0,4535.71,327267.86,0,475,0,50
13215,Port Hacking,-34.11923,151.22667,2020-06-10T09:32:00Z,2020,6,10,09:32:00,4925,775,400,14940.38,153076.92,0,325,0,100
13067,North Stradbroke,-27.345,153.562,2020-05-28T11:00:00Z,2020,5,28,11:00:00,3850,0,0,3645,16000,0,1575,0,25
13114,Maria Island,-42.59667,148.23333,2020-05-26T10:10:00Z,2020,5,26,10:10:00,20600,100,0,15554.55,266363.63,0,9000,0,0
12959,Yongala,-19.30847,147.61842,2020-03-06T10:25:00Z,2020,3,6,10:25:00,744.69,53.19,15159.57,638.31,12765.95,0,452.13,0,0
12912,Rottnest Island,-32,115.41667,2020-03-04T09:25:00Z,2020,3,4,09:25:00,15578.21,204.08,0,4931.98,159183.67,0,7687.08,0,0
12714,North Stradbroke,-27.345,153.562,2020-02-28T10:30:00Z,2020,2,28,10:30:00,9450,0,3750,2550,28500,0,4500,0,0
12864,Port Hacking,-34.11923,151.22667,2020-02-25T08:52:00Z,2020,2,25,08:52:00,14099,158.41,0,1029.7,5940.6,0,237.62,0,0
12993,Maria Island,-42.59667,148.23333,2020-02-24T10:30:00Z,2020,2,24,10:30:00,29200,1200,0,12230,105000,0,6400,0,0
12944,Yongala,-19.30847,147.61842,2020-02-13T09:47:00Z,2020,2,13,09:47:00,13571.41,51.02,204.08,989.79,201298.7,0,3418.36,0,0
12789,Darwin,-12.4,130.76805,2020-02-04T16:01:00Z,2020,2,4,16:01:00,12300,1700,0,2900,0,0,26500,0,0
12819,Kangaroo Island,-35.83217,136.44733,2020-02-04T14:25:00Z,2020,2,4,14:25:00,6310.67,145.63,0,703.87,133980.59,0,339.8,0,0
12896,Rottnest Island,-32,115.41667,2020-01-28T09:39:00Z,2020,1,28,09:39:00,833.34,710.79,0,1715.69,196078.43,0,2696.09,24.51,490.2
12698,North Stradbroke,-27.345,153.562,2020-01-22T10:35:00Z,2020,1,22,10:35:00,28200,0,0,2000,41000,0,1700,0,0
12929,Yongala,-19.30847,147.61842,2020-01-16T10:05:00Z,2020,1,16,10:05:00,2929.3,883.84,454545.45,1045.45,58585.86,0,2020.19,0,0
12976,Maria Island,-42.59667,148.23333,2020-01-07T09:45:00Z,2020,1,7,09:45:00,2200,466.67,0,9013.33,267500,0,13466.67,0,0
12682,North Stradbroke,-27.345,153.562,2019-12-20T10:20:00Z,2019,12,20,10:20:00,36779.34,0,3976.14,2186.88,89960.24,0,39562.62,0,0
12880,Rottnest Island,-32,115.41667,2019-12-18T09:15:00Z,2019,12,18,09:15:00,774.41,639.73,0,410.77,118835.41,0,8956.23,0,0
12849,Port Hacking,-34.11923,151.22667,2019-12-17T09:02:00Z,2019,12,17,09:02:00,5180.97,2819.05,0,2314.29,126349.2,38.1,2552.38,0,0
12666,Maria Island,-42.59667,148.23333,2019-12-11T09:30:00Z,2019,12,11,09:30:00,162666.68,8666.67,0,26270,522000,0,38000,0,0
12552,Yongala,-19.30847,147.61842,2019-12-03T09:45:00Z,2019,12,3,09:45:00,49200,1400,4000,6763.33,225555.56,0,15600,0,0
12804,Kangaroo Island,-35.83217,136.44733,2019-11-27T14:25:00Z,2019,11,27,14:25:00,12750,600,0,1480,92500,0,3900,0,50
12584,Rottnest Island,-32,115.41667,2019-11-26T09:30:00Z,2019,11,26,09:30:00,3498.37,858.09,5280.53,841.58,82508.25,0,16303.65,0,330.03
12649,Maria Island,-42.59667,148.23333,2019-11-22T09:23:00Z,2019,11,22,09:23:00,122641.52,1347.71,0,19132.52,390566.03,0,35489.67,0,0
12834,Port Hacking,-34.11923,151.22667,2019-11-19T09:15:00Z,2019,11,19,09:15:00,16137.08,685.36,0,5065.43,214953.27,0,1806.87,0,0
12537,Yongala,-19.30847,147.61842,2019-11-07T10:10:00Z,2019,11,7,10:10:00,2200,50,3125,3985,50000,0,3350,0,0
12729,Darwin,-12.4,130.76805,2019-11-06T07:38:00Z,2019,11,6,07:38:00,5215.85,761.91,1904.76,1542.84,0,0,13460.3,0,0
12600,Rottnest Island,-32,115.41667,2019-11-04T09:25:00Z,2019,11,4,09:25:00,38000,500,23000,2050,90500,0,2600,0,0
12615,Port Hacking,-34.11923,151.22667,2019-10-29T09:30:00Z,2019,10,29,09:30:00,112611.9,801.44,0,2814.27,165898.61,0,30855.55,0,400.72
12461,North Stradbroke,-27.345,153.562,2019-10-24T10:20:00Z,2019,10,24,10:20:00,71464.01,0,0,330.85,121266.96,0,71133.16,0,0
12632,Maria Island,-42.59667,148.23333,2019-10-16T09:40:00Z,2019,10,16,09:40:00,196890.91,2600,0,4010,242500,0,5600,0,200
12568,Rottnest Island,-32,115.41667,2019-10-11T10:07:00Z,2019,10,11,10:07:00,2955.38,247.52,0,188.11,52970.3,0,1980.18,24.75,0
12522,Yongala,-19.30847,147.61842,2019-10-09T10:00:00Z,2019,10,9,10:00:00,20808.08,1212.12,0,13023.56,158249.16,0,8282.82,0,101.01
12199,Maria Island,-42.59667,148.23333,2019-09-25T10:03:00Z,2019,9,25,10:03:00,452991.45,2331,0,21998.22,326118.33,0,80031.08,0,0
12376,Port Hacking,-34.11923,151.22667,2019-09-24T09:36:00Z,2019,9,24,09:36:00,2023.26,1651.16,0,1558.15,273754.16,0,2418.6,0,116.28
12507,Yongala,-19.30847,147.61842,2019-09-17T10:10:00Z,2019,9,17,10:10:00,2390.11,1291.21,1098.9,2302.21,214285.71,0,1978.02,0,0
12247,North Stradbroke,-27.345,153.562,2019-09-16T10:20:00Z,2019,9,16,10:20:00,32300,300,0,4866.67,328333.34,0,9200,0,0
12346,Kangaroo Island,-35.83217,136.44733,2019-09-10T07:50:00Z,2019,9,10,07:50:00,375,975,0,4727.14,152142.86,0,1025,0,200
12116,Maria Island,-42.59667,148.23333,2019-08-29T09:20:00Z,2019,8,29,09:20:00,32054.81,1232.88,0,7515.12,142142.86,0,21232.89,0,821.92
12361,Port Hacking,-34.11923,151.22667,2019-08-28T09:59:00Z,2019,8,28,09:59:00,875.57,1428.57,0,6164.36,323486.95,0,414.75,0,0
12478,Yongala,-19.30847,147.61842,2019-08-26T10:40:00Z,2019,8,26,10:40:00,650,175,0,1400,22000,0,225,125,0
12231,North Stradbroke,-27.345,153.562,2019-08-21T10:40:00Z,2019,8,21,10:40:00,73140.47,0,0,2582.64,8264.46,0,37809.92,0,0
12423,Rottnest Island,-32,115.41667,2019-08-19T08:31:00Z,2019,8,19,08:31:00,6150,500,0,3000,209000,0,10350,0,50
12492,Yongala,-19.30847,147.61842,2019-08-08T10:04:00Z,2019,8,8,10:04:00,12525.24,0,10101.01,1212.12,67171.71,67.34,8417.5,0,0
12099,Maria Island,-42.59667,148.23333,2019-07-31T10:20:00Z,2019,7,31,10:20:00,8714.4,1489.64,0,2807.98,210204.08,0,14673.02,0,148.96
12391,Port Hacking,-34.11923,151.22667,2019-07-29T10:03:00Z,2019,7,29,10:03:00,78624.04,245.7,0,4288.59,166115.7,0,13513.51,0,0
12331,Darwin,-12.4,130.76805,2019-07-23T16:00:00Z,2019,7,23,16:00:00,3530,1700,0,700,0,100,27000,0,1000
12215,North Stradbroke,-27.345,153.562,2019-07-23T10:20:00Z,2019,7,23,10:20:00,14142.41,0,0,2256.77,253259.79,0,15747.24,0,0
12407,Rottnest Island,-32,115.41667,2019-07-11T09:26:00Z,2019,7,11,09:26:00,2076.91,641.02,0,1179.47,173570.02,0,3794.86,0,282.05
12438,Yongala,-19.30847,147.61842,2019-07-03T10:50:00Z,2019,7,3,10:50:00,30937.51,1062.51,54166.67,125.01,44791.66,104.17,13020.83,0,0
12006,Port Hacking,-34.11923,151.22667,2019-06-27T09:38:00Z,2019,6,27,09:38:00,1388.89,580.8,1262.63,3023.08,150072.14,0,1010.1,25.25,126.26
11819,Maria Island,-42.59667,148.23333,2019-06-24T10:10:00Z,2019,6,24,10:10:00,480.28,1213.35,0,985.86,463094.03,0,404.45,0,151.67
11976,Rottnest Island,-32,115.41667,2019-06-21T09:15:00Z,2019,6,21,09:15:00,3432.33,330.04,0,1023.1,77722.77,0,6039.6,0,330.03
11951,North Stradbroke,-27.345,153.562,2019-06-18T10:00:00Z,2019,6,18,10:00:00,46373.85,204.29,0,0,73033.71,0,26149.13,0,0
11787,Darwin,-12.4,130.76805,2019-05-30T08:39:00Z,2019,5,30,08:39:00,11122.28,1072.03,0,402.01,0,0,10251.26,0,469.01
12067,Yongala,-19.30847,147.61842,2019-05-28T10:25:00Z,2019,5,28,10:25:00,41245.78,1515.15,26868.69,673.4,86363.63,0,20370.37,0,168.35
11867,North Stradbroke,-27.345,153.562,2019-05-27T10:15:00Z,2019,5,27,10:15:00,54468.07,0,0,851.07,27659.57,0,16808.5,0,0
11939,Rottnest Island,-32,115.41667,2019-05-27T09:28:00Z,2019,5,27,09:28:00,6336.63,297.02,3960.4,1749.17,92079.21,0,3135.3,33,528.05
11991,Port Hacking,-34.11923,151.22667,2019-05-23T08:50:00Z,2019,5,23,08:50:00,17100,500,30000,1040,177500,0,11000,0,0
12036,Kangaroo Island,-35.83217,136.44733,2019-05-14T15:35:00Z,2019,5,14,15:35:00,1216.42,1046.68,0,933.54,212871.29,0,4695.91,0,990.1
12082,Yongala,-19.30847,147.61842,2019-05-07T11:30:00Z,2019,5,7,11:30:00,82803.02,1515.15,4545.45,4146.36,98500,0,26151.51,0,606.06
11923,Rottnest Island,-32,115.41667,2019-05-07T09:40:00Z,2019,5,7,09:40:00,4712.85,346.53,0,544.54,157708.63,0,10346.52,0,148.51
11803,Maria Island,-42.59667,148.23333,2019-05-01T09:47:00Z,2019,5,1,09:47:00,2731.94,1597.93,0,355.65,372852.23,0,721.65,0,77.32
11851,North Stradbroke,-27.345,153.562,2019-04-16T10:10:00Z,2019,4,16,10:10:00,7135.89,0,0,1515.16,18572.82,0,9237.55,0,0
11885,Port Hacking,-34.11923,151.22667,2019-04-09T08:50:00Z,2019,4,9,08:50:00,657.28,422.53,3286.38,7776.34,192061.45,0,938.96,0,23.47
11835,North Stradbroke,-27.345,153.562,2019-03-22T10:50:00Z,2019,3,22,10:50:00,13255.36,0,1296.3,3335.52,124539.74,0,24366.48,0,487.33
11713,Maria Island,-42.59667,148.23333,2019-03-21T09:35:00Z,2019,3,21,09:35:00,1067.95,3082.52,0,1650.47,69441.75,0,946.59,0,0
12021,Kangaroo Island,-35.83217,136.44733,2019-03-20T13:40:00Z,2019,3,20,13:40:00,1237.11,618.55,0,10085.9,340206.18,0,3659.8,0,25.77
12052,Yongala,-19.30847,147.61842,2019-03-13T10:10:00Z,2019,3,13,10:10:00,8095.22,0,14387.75,7255.1,160204.08,0,4353.74,0,0
11902,Rottnest Island,-32,115.41667,2019-03-06T10:24:00Z,2019,3,6,10:24:00,5673.47,1183.68,0,3083.91,235827.67,0,3673.5,0,81.63
11635,Port Hacking,-34.11923,151.22667,2019-02-28T10:35:00Z,2019,2,28,10:35:00,855.27,0,0,3267.55,56140.35,0,109.65,0,0
11697,Rottnest Island,-32,115.41667,2019-02-21T09:30:00Z,2019,2,21,09:30:00,135.86,190.22,0,217.39,41304.34,0,815.21,0,0
11728,Darwin,-12.4,130.76805,2019-02-14T07:00:00Z,2019,2,14,07:00:00,100,75,0,0,0,0,100,0,25
11592,Yongala,-19.30847,147.61842,2019-02-13T10:26:00Z,2019,2,13,10:26:00,99745.04,1776.47,21317.54,7027.89,241796.2,296.08,39674.33,0,0
11682,Rottnest Island,-32,115.41667,2019-01-25T09:35:00Z,2019,1,25,09:35:00,761.91,71.43,23.81,452.39,56190.48,0,1452.39,0,0
11579,Yongala,-19.30847,147.61842,2019-01-24T11:12:00Z,2019,1,24,11:12:00,3615.38,358.97,4615.39,3478.62,173504.27,0,3487.18,0,0
11621,Port Hacking,-34.11923,151.22667,2019-01-22T09:43:00Z,2019,1,22,09:43:00,44857.14,6857.14,0,12537.43,182307.7,0,23142.87,0,0
11667,North Stradbroke,-27.345,153.562,2019-01-18T10:40:00Z,2019,1,18,10:40:00,75163.6,2044.99,17041.58,8541.25,41411.04,0,11588.28,0,0
11518,Maria Island,-42.59667,148.23333,2019-01-07T08:50:00Z,2019,1,7,08:50:00,1865.28,6134.71,0,5450.76,61658.03,0,1119.17,0,41.45
11607,Port Hacking,-34.11923,151.22667,2018-12-19T09:40:00Z,2018,12,19,09:40:00,224166.67,5000,0,11676.66,258888.89,0,25833.34,0,0
11566,Yongala,-19.30847,147.61842,2018-12-13T10:30:00Z,2018,12,13,10:30:00,1564.08,4615.37,0,9435.9,120000,0,512.82,0,0
11503,Rottnest Island,-32,115.41667,2018-12-11T09:24:00Z,2018,12,11,09:24:00,178.57,0,0,3086.73,52040.81,0,178.57,0,0
11362,Maria Island,-42.59667,148.23333,2018-12-05T09:10:00Z,2018,12,5,09:10:00,17771.01,57121.09,0,48031.22,228822.88,0,2792.59,0,0
11540,Kangaroo Island,-35.83217,136.44733,2018-12-04T15:39:00Z,2018,12,4,15:39:00,0,507.61,0,380.71,22335.02,0,0,0,25.38
11489,Rottnest Island,-32,115.41667,2018-11-30T09:33:00Z,2018,11,30,09:33:00,705.91,509.81,1960.78,843.16,67156.87,0,117.65,0,0
11553,Yongala,-19.30847,147.61842,2018-11-23T10:05:00Z,2018,11,23,10:05:00,909.09,227.28,3989.9,17499.99,174242.43,0,934.35,0,0
11435,Port Hacking,-34.11923,151.22667,2018-11-21T09:24:00Z,2018,11,21,09:24:00,14527.32,298.5,0,2159.19,79601.98,0,19999.98,0,3781.09
11651,North Stradbroke,-27.345,153.562,2018-11-15T10:40:00Z,2018,11,15,10:40:00,65191.15,1609.66,0,2816.9,81690.14,0,25486.26,0,0
11347,Darwin,-12.4,130.76805,2018-10-31T08:26:00Z,2018,10,31,08:26:00,845.79,106.39,1063.83,79.79,0,0,3670.22,0,53.19
11321,Rottnest Island,-32,115.41667,2018-10-24T09:18:00Z,2018,10,24,09:18:00,127.55,76.53,0,3137.75,155102.04,0,178.57,0,0
11422,North Stradbroke,-27.345,153.562,2018-10-23T10:30:00Z,2018,10,23,10:30:00,2638.04,123.26,0,1602.54,26134.12,0,1849.11,0,0
11266,Maria Island,-42.59667,148.23333,2018-10-19T08:45:00Z,2018,10,19,08:45:00,396761.91,1809.53,0,10650.8,248412.69,0,8285.72,0,0
11236,Yongala,-19.30847,147.61842,2018-10-11T10:54:00Z,2018,10,11,10:54:00,8299.98,133.33,2566.67,2645.6,107368.42,0,4599.99,0,0
11223,Yongala,-19.30847,147.61842,2018-09-27T10:52:00Z,2018,9,27,10:52:00,2912.36,206.17,0,5190.72,24742.27,0,335.06,0,0
11475,Port Hacking,-34.11923,151.22667,2018-09-27T10:43:00Z,2018,9,27,10:43:00,425,625,0,5795,99500,0,2550,0,0
11307,Rottnest Island,-32,115.41667,2018-09-21T09:27:00Z,2018,9,21,09:27:00,1822.66,566.5,0,4729.06,249334.99,0,1748.77,0,197.04
11251,Maria Island,-42.59667,148.23333,2018-09-20T09:50:00Z,2018,9,20,09:50:00,43892.76,2979.15,0,4021.85,260675.27,0,53823.25,0,0
11407,North Stradbroke,-27.345,153.562,2018-09-13T10:20:00Z,2018,9,13,10:20:00,1315.8,26.32,657.89,57947.37,37894.74,0,868.41,0,0
11462,Port Hacking,-34.11923,151.22667,2018-09-05T10:50:00Z,2018,9,5,10:50:00,904512.82,410.26,0,3487.18,266666.67,0,1846.16,0,0
11449,Rottnest Island,-32,115.41667,2018-08-31T10:07:00Z,2018,8,31,10:07:00,1088.08,259.06,310.88,6321.25,120725.39,0,5233.16,0,181.35
11279,Kangaroo Island,-35.83217,136.44733,2018-08-21T08:00:00Z,2018,8,21,08:00:00,4558.83,220.59,0,5245.1,82843.13,0,784.32,0,196.08
11210,Yongala,-19.30847,147.61842,2018-08-17T10:23:00Z,2018,8,17,10:23:00,13111.07,148.14,0,8814.79,221111.11,0,16962.96,0,0
11377,North Stradbroke,-27.345,153.562,2018-08-17T10:20:00Z,2018,8,17,10:20:00,178516.72,0,0,5861.18,80677.29,0,94238.44,0,0
11184,Darwin,-12.4,130.76805,2018-07-31T16:00:00Z,2018,7,31,16:00:00,6406.4,1301.3,3003,2402.4,0,0,21621.6,0,500.5
11293,Rottnest Island,-32,115.41667,2018-07-27T09:33:00Z,2018,7,27,09:33:00,13520,800,0,4057.14,284285.71,100,23700,0,1000
11092,Port Hacking,-34.11923,151.22667,2018-07-25T09:33:00Z,2018,7,25,09:33:00,24561.41,70.18,0,2771.94,74736.84,0,4491.22,0,210.53
11197,Yongala,-19.30847,147.61842,2018-07-20T10:56:00Z,2018,7,20,10:56:00,3032.05,204.07,0,4293.65,192022.27,0,7813.4,0,204.08
11106,Rottnest Island,-32,115.41667,2018-07-19T09:35:00Z,2018,7,19,09:35:00,10518.5,515.3,0,901.78,226516.36,0,14170.69,0,257.65
11392,North Stradbroke,-27.345,153.562,2018-07-18T10:20:00Z,2018,7,18,10:20:00,75959.59,0,0,1222.22,209090.9,0,91717.17,0,0
10982,Maria Island,-42.59667,148.23333,2018-07-12T08:40:00Z,2018,7,12,08:40:00,3227.27,500.01,0,1250,109648.39,0,1340.91,0,181.82
11023,Maria Island,-42.59667,148.23333,2018-06-28T09:00:00Z,2018,6,28,09:00:00,1304.34,1902.17,0,5643.11,189447.47,0,4456.52,27.17,217.4
11064,Port Hacking,-34.11923,151.22667,2018-06-27T09:41:00Z,2018,6,27,09:41:00,5448,502.9,3352.61,3499.3,270618.56,0,21121.45,0,670.52
11334,Yongala,-19.30847,147.61842,2018-06-21T11:30:00Z,2018,6,21,11:30:00,8696.96,673.4,4713.8,2323.23,104545.45,0,12121.21,0,0
11078,Rottnest Island,-32,115.41667,2018-06-20T09:56:00Z,2018,6,20,09:56:00,10670.32,439.56,0,7142.86,435164.83,0,28461.53,0,329.67
10967,Maria Island,-42.59667,148.23333,2018-06-06T09:30:00Z,2018,6,6,09:30:00,871.8,820.51,0,4452.99,180341.87,0,487.18,0,51.28
11132,Yongala,-19.30847,147.61842,2018-06-03T09:10:00Z,2018,6,3,09:10:00,33658.89,1383.06,50505.05,6392.59,185491.28,0,102564.1,0,0
11038,North Stradbroke,-27.345,153.562,2018-05-30T10:20:00Z,2018,5,30,10:20:00,8040,80,2000,4740,53000,0,6240,0,0
11051,Port Hacking,-34.11923,151.22667,2018-05-29T09:50:00Z,2018,5,29,09:50:00,6718.39,4660.18,0,1572.81,38466.02,0,1165.03,0,0
11008,Kangaroo Island,-35.83217,136.44733,2018-05-16T08:15:00Z,2018,5,16,08:15:00,656.56,732.32,0,4393.92,38888.89,0,353.53,0,176.77
10937,Rottnest Island,-32,115.41667,2018-05-11T09:21:00Z,2018,5,11,09:21:00,13656.25,208.34,0,6822.92,256510.42,0,28750.02,104.17,104.17
10995,Darwin,-12.4,130.76805,2018-05-10T07:02:00Z,2018,5,10,07:02:00,3621.52,1458.33,3472.22,555.55,0,69.44,15277.78,0,138.89
11119,Yongala,-19.30847,147.61842,2018-04-26T09:48:00Z,2018,4,26,09:48:00,1147.95,51.02,0,2602.04,51020.4,0,637.75,0,0
10672,Maria Island,-42.59667,148.23333,2018-04-19T09:30:00Z,2018,4,19,09:30:00,10884.37,1700.68,0,2230.36,187068.65,0,7278.92,136.06,136.05
10584,North Stradbroke,-27.345,153.562,2018-04-17T10:15:00Z,2018,4,17,10:15:00,348.96,0,520.83,1067.71,19270.84,0,52.08,0,26.04
10950,Yongala,-19.30847,147.61842,2018-03-29T10:27:00Z,2018,3,29,10:27:00,535.71,204.08,4387.76,1607.14,29081.63,0,229.59,0,25.51
10673,Rottnest Island,-32,115.41667,2018-03-28T09:23:00Z,2018,3,28,09:23:00,1734.68,255.1,892.85,8096.93,193877.56,0,484.69,0,51.02
10807,Port Hacking,-34.11923,151.22667,2018-03-27T09:40:00Z,2018,3,27,09:40:00,19876.68,153.33,9000,3576.67,28000,0,2200,0,0
10599,North Stradbroke,-27.345,153.562,2018-03-20T10:40:00Z,2018,3,20,10:40:00,1360.55,97.18,63654.03,2536.44,38872.7,0,194.36,0,0
10889,Maria Island,-42.59667,148.23333,2018-03-16T08:45:00Z,2018,3,16,08:45:00,1004.91,3774.51,0,9200.98,112745.1,0,1421.58,0,0
10833,Kangaroo Island,-35.83217,136.44733,2018-03-07T12:20:00Z,2018,3,7,12:20:00,4366.66,366.66,0,2818.18,179090.91,0,1433.33,0,33.33
10614,North Stradbroke,-27.345,153.562,2018-03-02T10:25:00Z,2018,3,2,10:25:00,1231.18,50.26,3015.08,879.41,61809.05,0,376.88,0,0
10644,Maria Island,-42.59667,148.23333,2018-03-02T09:30:00Z,2018,3,2,09:30:00,180833.33,5000,0,1333.33,214000.01,0,104166.67,0,0
10785,Port Hacking,-34.11923,151.22667,2018-02-22T09:18:00Z,2018,2,22,09:18:00,3685.57,695.88,5309.27,8626.65,141384.39,0,1649.47,77.32,77.32
10705,Rottnest Island,-32,115.41667,2018-02-21T10:05:00Z,2018,2,21,10:05:00,152.28,50.76,0,1270.53,125410.57,0,913.69,0,203.04
10745,Yongala,-19.30847,147.61842,2018-02-20T10:30:00Z,2018,2,20,10:30:00,1081.62,25.51,816.33,2602.04,52551.01,0,1173.46,0,0
10534,Darwin,-12.4,130.76805,2018-02-09T07:00:00Z,2018,2,9,07:00:00,7200,500,50,200,0,0,8000,0,0
10704,Yongala,-19.30847,147.61842,2018-01-30T10:05:00Z,2018,1,30,10:05:00,4595.98,50.5,12424.24,1627.37,111111.12,0,555.55,0,0
10727,Rottnest Island,-32,115.41667,2018-01-25T10:00:00Z,2018,1,25,10:00:00,2043.28,72.12,408.66,745.19,45401.79,0,3437.51,24.04,96.15
10767,Port Hacking,-34.11923,151.22667,2018-01-24T09:41:00Z,2018,1,24,09:41:00,375,150,0,5075,91000,0,850,0,75
10629,North Stradbroke,-27.345,153.562,2018-01-23T10:20:00Z,2018,1,23,10:20:00,1125,0,2750,4444.44,120555.56,0,1625,0,0
10507,Maria Island,-42.59667,148.23333,2018-01-17T10:30:00Z,2018,1,17,10:30:00,470.29,321.77,0,9975.24,439603.96,0,297.03,0,0
10459,North Stradbroke,-27.345,153.562,2017-12-19T10:45:00Z,2017,12,19,10:45:00,202.22,0,2022.24,2224.46,82912.03,0,59049.55,0,0
10874,Maria Island,-42.59667,148.23333,2017-12-18T09:40:00Z,2017,12,18,09:40:00,275,875,0,575,440000,0,850,0,0
10859,Yongala,-19.30847,147.61842,2017-12-15T10:44:00Z,2017,12,15,10:44:00,14250,50,7500,4500,74000,0,750,0,0
10754,Rottnest Island,-32,115.41667,2017-12-14T09:37:00Z,2017,12,14,09:37:00,750,250,0,2475,115500,25,250,0,175
10713,Port Hacking,-34.11923,151.22667,2017-12-12T08:54:00Z,2017,12,12,08:54:00,6040.81,2163.28,0,11387.76,91326.53,0,4081.64,0,0
10557,Yongala,-19.30847,147.61842,2017-11-30T10:34:00Z,2017,11,30,10:34:00,1391.73,77.31,30824.74,23350.51,387886.6,0,1082.47,0,0
10521,Kangaroo Island,-35.83217,136.44733,2017-11-29T14:50:00Z,2017,11,29,14:50:00,18285.71,444.44,0,2961.89,59999.99,0,2984.12,0,126.98
10441,Maria Island,-42.59667,148.23333,2017-11-24T09:50:00Z,2017,11,24,09:50:00,2775,3625,0,2125,232666.67,0,300,0,0
10794,Rottnest Island,-32,115.41667,2017-11-23T10:05:00Z,2017,11,23,10:05:00,6041.66,416.66,10416.67,11319.44,206250,0,82291.66,0,0
10422,North Stradbroke,-27.345,153.562,2017-11-16T10:30:00Z,2017,11,16,10:30:00,1312.08,0,0,1991.56,52014.99,0,538.89,0,0
10377,Rottnest Island,-32,115.41667,2017-11-03T09:25:00Z,2017,11,3,09:25:00,11880.44,127.75,0,894.23,106285.13,0,31681.15,0,127.75
10567,Yongala,-19.30847,147.61842,2017-10-26T09:56:00Z,2017,10,26,09:56:00,24545.46,272.73,10545.45,2822.97,96172.26,0,4272.73,181.82,0
10345,Port Hacking,-34.11923,151.22667,2017-10-25T09:01:00Z,2017,10,25,09:01:00,768446.62,5825.25,0,33067.97,514563.1,0,67961.17,0,0
10315,North Stradbroke,-27.345,153.562,2017-10-23T10:25:00Z,2017,10,23,10:25:00,11851.84,134.68,0,1255.89,31313.13,0,14545.45,0,0
10300,Maria Island,-42.59667,148.23333,2017-10-16T09:50:00Z,2017,10,16,09:50:00,400547.69,2987.3,0,22831.55,282940.35,0,85884.97,0,0
10506,Darwin,-12.4,130.76805,2017-10-10T07:57:00Z,2017,10,10,07:57:00,260,150,27900,50,0,0,325,0,0
10193,North Stradbroke,-27.345,153.562,2017-09-27T10:40:00Z,2017,9,27,10:40:00,2272.75,49.96,0,4655.36,43956.05,0,599.41,0,0
10284,Maria Island,-42.59667,148.23333,2017-09-22T09:15:00Z,2017,9,22,09:15:00,3266.66,5666.66,0,11155.57,231911.12,0,3333.32,0,333.34
10330,Port Hacking,-34.11923,151.22667,2017-09-22T08:48:00Z,2017,9,22,08:48:00,19733.33,1133.33,0,1800.01,140000,0,3133.33,0,0
10361,Rottnest Island,-32,115.41667,2017-09-14T09:45:00Z,2017,9,14,09:45:00,1442.31,48.08,0,961.55,401923.08,0,9903.83,0,240.38
10268,Kangaroo Island,-35.83217,136.44733,2017-09-08T15:00:00Z,2017,9,8,15:00:00,456.76,576.93,0,985.6,78846.16,0,817.32,0,96.16
10407,Yongala,-19.30847,147.61842,2017-09-06T10:00:00Z,2017,9,6,10:00:00,41919.19,606.06,5050.51,2299.46,122994.65,0,2626.26,101.01,0
10162,North Stradbroke,-27.345,153.562,2017-08-29T11:50:00Z,2017,8,29,11:50:00,5333.33,0,0,5483.34,296250,0,10066.66,0,66.67
10492,Port Hacking,-34.11923,151.22667,2017-08-22T09:50:00Z,2017,8,22,09:50:00,675,650,0,1100,59000,0,375,0,0
10392,Yongala,-19.30847,147.61842,2017-08-16T10:24:00Z,2017,8,16,10:24:00,1562.48,52.08,0,2786.47,66145.84,0,859.37,0,0
10083,Rottnest Island,-32,115.41667,2017-08-02T09:33:00Z,2017,8,2,09:33:00,1806.88,123.76,0,13391.09,80693.08,0,1113.85,0,74.25
9943,Maria Island,-42.59667,148.23333,2017-08-01T10:01:00Z,2017,8,1,10:01:00,23.36,443.92,0,6698.93,280373.84,0,490.65,0,23.36
10464,Yongala,-19.30847,147.61842,2017-07-24T10:45:00Z,2017,7,24,10:45:00,52.63,289.48,0,7615.81,116315.79,0,447.38,0,26.32
9958,North Stradbroke,-27.345,153.562,2017-07-17T11:05:00Z,2017,7,17,11:05:00,5101.48,50.76,0,563.44,17766.49,0,837.56,0,0
10003,Port Hacking,-34.11923,151.22667,2017-07-17T09:42:00Z,2017,7,17,09:42:00,6189.33,72.81,0,7038.83,63106.79,0,1359.23,0,48.54
10223,Darwin,-12.4,130.76805,2017-07-15T10:00:00Z,2017,7,15,10:00:00,954.8,552.77,0,75.39,0,0,2135.7,0,0
10143,Yongala,-19.30847,147.61842,2017-07-05T10:21:00Z,2017,7,5,10:21:00,4811.03,0,222199.31,247.43,0,0,893.47,0,0
9897,North Stradbroke,-27.345,153.562,2017-06-27T10:20:00Z,2017,6,27,10:20:00,400,50,0,275,19500,0,675,0,0
9867,Maria Island,-42.59667,148.23333,2017-06-27T09:25:00Z,2017,6,27,09:25:00,250,225,0,1500,110000,0,25,0,25
10067,Rottnest Island,-32,115.41667,2017-06-26T09:46:00Z,2017,6,26,09:46:00,3572.81,412.61,0,5107.49,281553.4,0,4417.47,0,412.62
9988,Port Hacking,-34.11923,151.22667,2017-06-15T08:52:00Z,2017,6,15,08:52:00,824.14,462.33,0,7315.43,170879.4,0,502.51,25.13,100.5
9851,Maria Island,-42.59667,148.23333,2017-06-02T09:00:00Z,2017,6,2,09:00:00,300,775,0,7125,396000,0,2075,0,50
10128,Yongala,-19.30847,147.61842,2017-05-29T08:11:00Z,2017,5,29,08:11:00,1460.31,126.98,0,7882.07,270748.29,0,26476.16,0,0
10051,Rottnest Island,-32,115.41667,2017-05-23T09:53:00Z,2017,5,23,09:53:00,16427.17,242.71,0,4426.72,92926.49,0,10970.87,48.54,48.54
9927,Kangaroo Island,-35.83217,136.44733,2017-05-18T11:15:00Z,2017,5,18,11:15:00,148.51,133.66,915.84,544.55,24257.43,0,148.51,0,24.75
9973,Port Hacking,-34.11923,151.22667,2017-05-18T09:45:00Z,2017,5,18,09:45:00,25,0,0,4600,52500,0,0,0,0
9912,Darwin,-12.4,130.76805,2017-05-17T08:47:00Z,2017,5,17,08:47:00,2747.48,643.56,1361.39,74.25,0,0,1658.41,0,24.75
9882,North Stradbroke,-27.345,153.562,2017-05-16T10:20:00Z,2017,5,16,10:20:00,71.37,23.79,0,1484.3,47098,0,285.44,0,0
10035,Rottnest Island,-32,115.41667,2017-04-28T09:52:00Z,2017,4,28,09:52:00,1193,877.2,0,4340.86,321804.51,0,8350.89,70.18,210.53
10113,Yongala,-19.30847,147.61842,2017-04-26T10:20:00Z,2017,4,26,10:20:00,54761.91,170.07,6292.52,3911.56,223469.39,0,2210.89,0,1530.61
9635,North Stradbroke,-27.345,153.562,2017-04-24T11:00:00Z,2017,4,24,11:00:00,1571.42,257.14,72000,3565.07,227777.77,0,4428.57,0,0
9712,Maria Island,-42.59667,148.23333,2017-04-12T10:15:00Z,2017,4,12,10:15:00,6000.01,1333.33,0,19370.38,374185.17,0,5444.46,0,0
10019,Rottnest Island,-32,115.41667,2017-04-07T09:28:00Z,2017,4,7,09:28:00,6450,375,0,1550,88000,0,1725,25,200
10178,Rottnest Island,-32,115.41667,2017-03-31T10:24:00Z,2017,3,31,10:24:00,16571.44,507.93,0,63.49,160317.46,0,9904.75,0,253.97
9696,Maria Island,-42.59667,148.23333,2017-03-24T09:30:00Z,2017,3,24,09:30:00,1471.94,2640.18,0,6191.57,125257.01,0,1051.39,0,0
10098,Yongala,-19.30847,147.61842,2017-03-22T12:00:00Z,2017,3,22,12:00:00,60294.12,294.12,0,4666.67,165333.33,0,14117.65,0,0
9820,Port Hacking,-34.11923,151.22667,2017-03-22T09:21:00Z,2017,3,22,09:21:00,840,200,0,8500,108540,0,8040,0,0
9680,Kangaroo Island,-35.83217,136.44733,2017-03-15T12:27:00Z,2017,3,15,12:27:00,175,300,0,8025,97500,0,600,0,0
9760,Rottnest Island,-32,115.41667,2017-03-03T10:30:00Z,2017,3,3,10:30:00,514.02,303.74,1401.87,1381.84,312416.55,0,1845.79,0,23.36
9439,Maria Island,-42.59667,148.23333,2017-02-24T08:50:00Z,2017,2,24,08:50:00,6000,1600,0,25600,655000,0,29300,0,0
9575,Yongala,-19.30847,147.61842,2017-02-20T10:29:00Z,2017,2,20,10:29:00,7766.66,0,500,9199.99,101500,0,2466.67,0,0
9500,North Stradbroke,-27.345,153.562,2017-02-17T10:30:00Z,2017,2,17,10:30:00,2826.32,46.95,30610.33,9295.79,53990.61,0,938.97,0,0
9620,Port Hacking,-34.11923,151.22667,2017-02-06T10:49:00Z,2017,2,6,10:49:00,75,0,1000,3468.33,115555.56,0,325,0,0
9805,Darwin,-12.4,130.76805,2017-02-03T16:00:00Z,2017,2,3,16:00:00,3050,975,2000,100,0,0,3175,0,0
9744,Rottnest Island,-32,115.41667,2017-01-20T10:20:00Z,2017,1,20,10:20:00,47.62,238.1,0,8571.44,78119.05,0,285.72,0,142.86
9560,Yongala,-19.30847,147.61842,2017-01-20T10:00:00Z,2017,1,20,10:00:00,172790.53,0,47846.89,1594.89,164983.17,0,14354.06,0,0
9391,North Stradbroke,-27.345,153.562,2017-01-17T10:30:00Z,2017,1,17,10:30:00,502.66,0,56864.59,2890.35,32987.75,0,188.49,0,0
9423,Maria Island,-42.59667,148.23333,2017-01-05T09:45:00Z,2017,1,5,09:45:00,2802.2,1053.58,0,1035.72,124038.46,0,549.45,0,0
9376,North Stradbroke,-27.345,153.562,2016-12-15T10:15:00Z,2016,12,15,10:15:00,183763.64,0,0,5459.22,151252.4,0,99550.42,0,0
9728,Rottnest Island,-32,115.41667,2016-12-14T09:35:00Z,2016,12,14,09:35:00,41474.66,0,0,307.22,0,0,1536.1,0,307.22
9545,Yongala,-19.30847,147.61842,2016-12-07T10:15:00Z,2016,12,7,10:15:00,3300,125,100600,3832.89,105789.47,0,3725,0,0
9605,Port Hacking,-34.11923,151.22667,2016-12-05T09:45:00Z,2016,12,5,09:45:00,32925,100,0,10285,89500,0,725,0,125
9470,Kangaroo Island,-35.83217,136.44733,2016-11-18T12:45:00Z,2016,11,18,12:45:00,25,275,0,23825,430000,0,0,0,25
9407,Maria Island,-42.59667,148.23333,2016-11-18T09:10:00Z,2016,11,18,09:10:00,825.69,366.97,0,27307.35,150665.13,0,4495.42,0,0
9361,North Stradbroke,-27.345,153.562,2016-11-16T10:15:00Z,2016,11,16,10:15:00,2300,0,2700,1025,40000,0,1125,0,0
9455,Rottnest Island,-32,115.41667,2016-11-14T09:45:00Z,2016,11,14,09:45:00,1550,75,1400,1050,39500,0,150,10,0
9530,Yongala,-19.30847,147.61842,2016-11-08T10:50:00Z,2016,11,8,10:50:00,1035.37,176.76,15707.07,5631.32,62626.25,0,909.1,0,0
9650,Darwin,-12.4,130.76805,2016-11-08T08:11:00Z,2016,11,8,08:11:00,368.43,26.32,842.11,52.64,0,0,2210.53,0,0
9590,Port Hacking,-34.11923,151.22667,2016-10-31T09:35:00Z,2016,10,31,09:35:00,105683.57,0,0,307.22,128571.42,0,1536.1,0,307.22
9187,Rottnest Island,-32,115.41667,2016-10-24T09:35:00Z,2016,10,24,09:35:00,695,200,1600,1613.46,190000,0,250,0,50
9269,North Stradbroke,-27.345,153.562,2016-10-20T09:40:00Z,2016,10,20,09:40:00,1030.17,0,4396.98,2738.71,64321.61,0,929.64,0,0
9485,Yongala,-19.30847,147.61842,2016-10-12T10:26:00Z,2016,10,12,10:26:00,4540.8,0,4183.67,1683.67,115306.13,0,663.26,0,0
9172,Rottnest Island,-32,115.41667,2016-10-04T10:38:00Z,2016,10,4,10:38:00,5899.5,50.25,0,11886.09,422110.56,0,10150.76,0,50.25
9345,Yongala,-19.30847,147.61842,2016-09-27T10:33:00Z,2016,9,27,10:33:00,800,410,0,19292.31,307692.3,0,300,0,0
9052,Maria Island,-42.59667,148.23333,2016-09-27T10:10:00Z,2016,9,27,10:10:00,1350,600,0,6233.33,165999.99,0,700,0,0
9515,Port Hacking,-34.11923,151.22667,2016-09-27T09:54:00Z,2016,9,27,09:54:00,3135,300,3175,5800,99000,0,1925,0,25
9067,North Stradbroke,-27.345,153.562,2016-09-20T10:15:00Z,2016,9,20,10:15:00,0,0,319.25,4052.06,36345.78,0,24.56,0,0
9284,Kangaroo Island,-35.83217,136.44733,2016-09-15T11:18:00Z,2016,9,15,11:18:00,313.14,126.26,0,4338.37,122222.22,0,0,0,50.51
9005,Maria Island,-42.59667,148.23333,2016-08-31T10:26:00Z,2016,8,31,10:26:00,103522.63,0,0,6685.84,114953.27,0,54636.96,0,0
9324,Port Hacking,-34.11923,151.22667,2016-08-30T09:20:00Z,2016,8,30,09:20:00,125,800,0,10275,233846.15,0,0,10,0
9142,Yongala,-19.30847,147.61842,2016-08-23T10:19:00Z,2016,8,23,10:19:00,181.37,147.06,1470.59,9852.94,233660.13,0,73.53,0,0
8989,North Stradbroke,-27.345,153.562,2016-08-22T10:50:00Z,2016,8,22,10:50:00,2035.44,23.95,598.66,71.84,63338.12,0,1652.31,0,0
9127,Yongala,-19.30847,147.61842,2016-07-25T10:25:00Z,2016,7,25,10:25:00,899.98,99.99,25900,11166.66,90000,0,300,0,33.33
9254,Darwin,-12.4,130.76805,2016-07-24T17:00:00Z,2016,7,24,17:00:00,1110,425,1500,50,0,0,2550,0,25
8810,Maria Island,-42.59667,148.23333,2016-07-21T09:30:00Z,2016,7,21,09:30:00,200,450,0,13596.43,165714.29,0,150,0,25
9309,Port Hacking,-34.11923,151.22667,2016-07-19T10:19:00Z,2016,7,19,10:19:00,3625,1000,0,4250,123000,0,725,0,75
8794,Maria Island,-42.59667,148.23333,2016-07-01T09:30:00Z,2016,7,1,09:30:00,47.62,842.85,0,1357.15,148809.52,0,23.81,0,23.81
8960,Yongala,-19.30847,147.61842,2016-06-24T10:00:00Z,2016,6,24,10:00:00,577.89,326.64,4195.98,10988.28,220268.01,0,527.65,0,0
8778,North Stradbroke,-27.345,153.562,2016-06-23T10:30:00Z,2016,6,23,10:30:00,801.87,0,0,4316.02,51415.09,0,117.91,0,0
8900,Rottnest Island,-32,115.41667,2016-06-21T09:26:00Z,2016,6,21,09:26:00,5933.33,533.33,0,5433.34,115033.33,0,2433.33,0,100
9082,Port Hacking,-34.11923,151.22667,2016-06-15T11:06:00Z,2016,6,15,11:06:00,6840,200,0,4140,142500,0,2720,0,80
8945,Yongala,-19.30847,147.61842,2016-06-01T10:46:00Z,2016,6,1,10:46:00,944.44,227.27,0,126.27,144949.49,0,2171.73,0,0
8568,Maria Island,-42.59667,148.23333,2016-05-31T09:45:00Z,2016,5,31,09:45:00,255,475,0,5450,166500,0,75,0,25
8915,Darwin,-12.4,130.76805,2016-05-31T07:50:00Z,2016,5,31,07:50:00,2450.01,200,8000,66.67,0,0,10533.33,0,0
8855,Rottnest Island,-32,115.41667,2016-05-27T09:30:00Z,2016,5,27,09:30:00,2686.88,1191.58,607.48,21518.68,215023.36,0,3855.13,0,280.37
8763,Kangaroo Island,-35.83217,136.44733,2016-05-26T07:35:00Z,2016,5,26,07:35:00,275,875,0,9300,1e+05,0,75,0,525
8548,North Stradbroke,-27.345,153.562,2016-05-17T10:30:00Z,2016,5,17,10:30:00,1869.1,0,12241.05,6442.24,55555.56,0,1483.04,0,0
8688,Yongala,-19.30847,147.61842,2016-05-03T10:01:00Z,2016,5,3,10:01:00,12000.01,350.89,35789.47,1543.87,105789.48,0,2245.62,0,0
8930,Port Hacking,-34.11923,151.22667,2016-05-03T09:14:00Z,2016,5,3,09:14:00,2175,125,0,9525,102000,0,775,0,0
9036,Rottnest Island,-32,115.41667,2016-05-02T09:44:00Z,2016,5,2,09:44:00,547.63,152.38,0,12476.19,224761.91,0,904.76,0,190.48
8503,Maria Island,-42.59667,148.23333,2016-04-28T10:47:00Z,2016,4,28,10:47:00,132853.53,92.59,4537.04,4495.79,239898.98,0,4722.23,0,555.55
8825,Rottnest Island,-32,115.41667,2016-04-13T09:30:00Z,2016,4,13,09:30:00,17705.89,467.32,0,4419.94,148284.32,0,3856.2,0,75.16
8533,North Stradbroke,-27.345,153.562,2016-04-12T10:45:00Z,2016,4,12,10:45:00,1823.02,0,4377.74,10381.49,123827.39,0,20075.05,0,0
8885,Port Hacking,-34.11923,151.22667,2016-04-08T09:13:00Z,2016,4,8,09:13:00,59565.22,878.26,0,15776.4,150931.67,0,25391.3,0,0
8613,Rottnest Island,-32,115.41667,2016-03-24T09:47:00Z,2016,3,24,09:47:00,380.95,95.24,1904.76,3571.43,145238.09,0,21523.81,0,95.24
8487,Maria Island,-42.59667,148.23333,2016-03-22T10:11:00Z,2016,3,22,10:11:00,2111.65,776.7,0,5830.1,246763.76,0,946.6,0,169.9
8673,Yongala,-19.30847,147.61842,2016-03-21T10:31:00Z,2016,3,21,10:31:00,2188.18,134.4,28521.51,8073.47,157706.09,0,5268.82,0,53.76
8518,North Stradbroke,-27.345,153.562,2016-03-18T10:30:00Z,2016,3,18,10:30:00,13472.04,19.21,4685.93,5517.68,98943.33,0,27646.96,0,0
8471,Maria Island,-42.59667,148.23333,2016-03-04T10:15:00Z,2016,3,4,10:15:00,41553.39,873.79,0,9932.05,127572.82,0,3592.24,0,0
8870,Port Hacking,-34.11923,151.22667,2016-03-01T09:00:00Z,2016,3,1,09:00:00,1009.71,0,0,1922.32,123786.41,0,4660.19,0,0
8583,Kangaroo Island,-35.83217,136.44733,2016-02-24T07:55:00Z,2016,2,24,07:55:00,48.54,24.27,0,2121.36,40938.51,0,218.45,0,0
8598,Rottnest Island,-32,115.41667,2016-02-23T08:57:00Z,2016,2,23,08:57:00,7858.09,823.83,31.69,3992.4,91730.03,0,1711.03,31.69,0
8658,Yongala,-19.30847,147.61842,2016-02-15T10:18:00Z,2016,2,15,10:18:00,3787.9,151.52,30656.57,1868.7,37373.73,0,1767.69,50.51,0
8442,Maria Island,-42.59667,148.23333,2016-02-10T10:45:00Z,2016,2,10,10:45:00,11220.09,47.84,0,3899.51,87559.82,0,311,0,0
8748,Darwin,-12.4,130.76805,2016-02-02T16:00:00Z,2016,2,2,16:00:00,2578.96,105.28,157.89,52.63,26.32,0,2210.54,0,0
8840,Port Hacking,-34.11923,151.22667,2016-02-02T10:52:00Z,2016,2,2,10:52:00,571.43,190.48,0,8509.53,109047.62,0,238.1,0,0
8643,Yongala,-19.30847,147.61842,2016-01-22T10:39:00Z,2016,1,22,10:39:00,1650,300,12550,4750,74000,0,1100,0,0
8424,North Stradbroke,-27.345,153.562,2016-01-20T10:30:00Z,2016,1,20,10:30:00,3740.06,155.84,7947.64,11095.54,101449.28,0,39894.03,0,0
8394,Maria Island,-42.59667,148.23333,2015-12-17T09:35:00Z,2015,12,17,09:35:00,875,4375,0,1375,84050,0,500,0,0
8409,North Stradbroke,-27.345,153.562,2015-12-16T10:30:00Z,2015,12,16,10:30:00,238.55,0,4675.57,5462.76,38645.04,0,214.68,0,0
8351,Rottnest Island,-32,115.41667,2015-12-15T08:22:00Z,2015,12,15,08:22:00,525,75,3325,6550,89000,0,25,0,0
8628,Yongala,-19.30847,147.61842,2015-12-03T11:00:00Z,2015,12,3,11:00:00,1503,50.1,21417.84,1528.06,50350.69,0,100.2,0,0
7892,Maria Island,-42.59667,148.23333,2015-11-19T10:45:00Z,2015,11,19,10:45:00,300500,8000,0,38970,262500,0,15000,0,1000
7938,North Stradbroke,-27.345,153.562,2015-11-19T10:24:00Z,2015,11,19,10:24:00,280.37,0,0,3738.32,63084.11,0,2757.01,0,0
8195,Darwin,-12.4,130.76805,2015-11-18T08:16:00Z,2015,11,18,08:16:00,1893.64,425.54,5771.27,159.59,0,0,4042.57,0,0
8210,Kangaroo Island,-35.83217,136.44733,2015-11-17T09:50:00Z,2015,11,17,09:50:00,2065.13,121.48,0,27196.33,571039.84,0,2599.62,0,0
8290,Port Hacking,-34.11923,151.22667,2015-11-16T09:33:00Z,2015,11,16,09:33:00,204040.4,505.05,0,13973.06,131313.13,0,16666.67,0,0
8244,Yongala,-19.30847,147.61842,2015-11-11T10:45:00Z,2015,11,11,10:45:00,275,75,3250,4780.88,130588.23,0,75,0,0
7923,North Stradbroke,-27.345,153.562,2015-10-27T10:50:00Z,2015,10,27,10:50:00,4378.11,24.88,0,4004.98,104477.61,0,2363.18,0,0
8105,Yongala,-19.30847,147.61842,2015-10-27T10:10:00Z,2015,10,27,10:10:00,126.65,126.65,3672.75,8521.07,159723.47,0,430.6,0,0
8336,Rottnest Island,-32,115.41667,2015-10-22T09:36:00Z,2015,10,22,09:36:00,0,750,0,2352.94,159411.77,0,500,0,0
8275,Port Hacking,-34.11923,151.22667,2015-10-14T09:42:00Z,2015,10,14,09:42:00,1300,100,0,4175,117000,0,425,0,50
7976,Maria Island,-42.59667,148.23333,2015-10-01T11:05:00Z,2015,10,1,11:05:00,725,1875,0,27530,472000,0,2800,0,0
8321,Rottnest Island,-32,115.41667,2015-09-24T10:08:00Z,2015,9,24,10:08:00,375,50,0,1860.71,77500,0,375,0,50
8090,Yongala,-19.30847,147.61842,2015-09-23T13:11:00Z,2015,9,23,13:11:00,4775,200,1125,9175,213000,0,1750,0,0
8075,Kangaroo Island,-35.83217,136.44733,2015-09-09T12:50:00Z,2015,9,9,12:50:00,277.78,303.03,0,5808.09,110126.25,0,126.26,0,25.25
7830,North Stradbroke,-27.345,153.562,2015-09-07T10:40:00Z,2015,9,7,10:40:00,4000.95,47.34,0,6073.51,195420.11,0,5137.3,0,23.67
8306,Rottnest Island,-32,115.41667,2015-08-27T11:15:00Z,2015,8,27,11:15:00,3536.85,368.43,1052.63,7340.09,210526.31,10.53,1157.9,0,131.58
8045,Yongala,-19.30847,147.61842,2015-08-25T10:45:00Z,2015,8,25,10:45:00,200,25,0,4775.38,176923.08,0,100,0,0
8006,Port Hacking,-34.11923,151.22667,2015-08-19T10:03:00Z,2015,8,19,10:03:00,8990.49,838.11,0,9614.29,119642.86,0,571.43,0,0
7792,North Stradbroke,-27.345,153.562,2015-08-17T10:30:00Z,2015,8,17,10:30:00,1502.33,0,1173.71,7159.62,99061.03,0,774.65,0,0
8022,Maria Island,-42.59667,148.23333,2015-08-12T09:35:00Z,2015,8,12,09:35:00,2000,975,0,9575,179000,0,1375,0,250
8030,Yongala,-19.30847,147.61842,2015-08-04T11:45:00Z,2015,8,4,11:45:00,76.44,203.87,509.68,6851.9,83765.45,0,254.83,0,0
8150,Darwin,-12.4,130.76805,2015-08-04T08:00:00Z,2015,8,4,08:00:00,10.53,0,0,0,0,0,0,0,0
7777,North Stradbroke,-27.345,153.562,2015-07-31T10:15:00Z,2015,7,31,10:15:00,719.96,99.31,0,223.44,116959.07,0,397.22,0,0
8060,Rottnest Island,-32,115.41667,2015-07-24T09:20:00Z,2015,7,24,09:20:00,808.09,150.19,0,3728.95,30303.03,0,50.51,25.25,176.77
7908,Maria Island,-42.59667,148.23333,2015-07-23T10:45:00Z,2015,7,23,10:45:00,1300,85,0,2400,55800,0,900,0,75
7960,Port Hacking,-34.11923,151.22667,2015-07-23T10:07:00Z,2015,7,23,10:07:00,150,150,0,17782.73,216413.64,0,525,0,0
7991,Port Hacking,-34.11923,151.22667,2015-06-30T11:11:00Z,2015,6,30,11:11:00,850,150,0,5580.56,266666.67,0,400,0,50
7860,Kangaroo Island,-35.83217,136.44733,2015-06-30T07:35:00Z,2015,6,30,07:35:00,245,125,0,10025,310025.01,0,125,0,150
7704,North Stradbroke,-27.345,153.562,2015-06-24T10:30:00Z,2015,6,24,10:30:00,7981.15,83.13,692.81,1921.38,163271.9,0,6872.65,0,0
7689,Yongala,-19.30847,147.61842,2015-06-18T10:55:00Z,2015,6,18,10:55:00,3850,225,45400,250,178333.33,0,2375,0,25
7674,Yongala,-19.30847,147.61842,2015-06-01T12:55:00Z,2015,6,1,12:55:00,1619.41,278.34,11943.32,303.64,112348.18,25.3,1796.53,0,25.3
7492,North Stradbroke,-27.345,153.562,2015-05-28T10:15:00Z,2015,5,28,10:15:00,1276,23.63,1299.62,1681.07,278152.85,0,543.49,0,70.89
7629,Maria Island,-42.59667,148.23333,2015-05-26T10:35:00Z,2015,5,26,10:35:00,475,100,0,8975,64625,0,1025,0,200
7869,Port Hacking,-34.11923,151.22667,2015-05-19T09:43:00Z,2015,5,19,09:43:00,2499.97,445.53,16501.65,3069.29,345297.04,0,1039.6,0,0
7477,North Stradbroke,-27.345,153.562,2015-05-12T10:15:00Z,2015,5,12,10:15:00,4788.3,25.2,19279.24,1713.69,82157.25,0,4813.51,0,0
7745,Rottnest Island,-32,115.41667,2015-05-07T09:36:00Z,2015,5,7,09:36:00,2379.81,793.27,7019.23,1282.05,164262.82,0,2331.73,0,72.12
7659,Yongala,-19.30847,147.61842,2015-04-30T12:10:00Z,2015,4,30,12:10:00,2563.43,50.76,36040.61,456.85,77157.36,0,1827.4,0,0
7613,Maria Island,-42.59667,148.23333,2015-04-21T10:50:00Z,2015,4,21,10:50:00,2990.21,1397.06,0,11838.23,345588.23,0,3210.79,73.53,73.53
7597,Kangaroo Island,-35.83217,136.44733,2015-04-09T07:11:00Z,2015,4,9,07:11:00,121.49,242.95,0,3192.43,57337.22,0,218.67,0,0
7845,Port Hacking,-34.11923,151.22667,2015-03-31T09:32:00Z,2015,3,31,09:32:00,7574.24,346.52,118217.82,1706.5,178925.03,0,1658.4,0,0
7644,Yongala,-19.30847,147.61842,2015-03-24T15:15:00Z,2015,3,24,15:15:00,4825,200,50000,4050,64525,0,750,0,0
7413,North Stradbroke,-27.345,153.562,2015-03-23T11:40:00Z,2015,3,23,11:40:00,10797.19,237.14,7643.79,1754.69,36859.51,0,5978.81,0,0
7335,Rottnest Island,-32,115.41667,2015-03-19T11:47:00Z,2015,3,19,11:47:00,600,175,12500,4700,61525,0,975,0,0
7275,Darwin,-12.4,130.76805,2015-03-17T08:35:00Z,2015,3,17,08:35:00,9690.72,103.09,7731.96,876.29,0,0,24639.18,0,0
7367,Maria Island,-42.59667,148.23333,2015-03-13T09:33:00Z,2015,3,13,09:33:00,4472.48,1949.55,0,28967.88,340458.71,0,3623.86,0,22.94
7398,North Stradbroke,-27.345,153.562,2015-03-04T10:30:00Z,2015,3,4,10:30:00,296.44,24.7,49407.11,6002.96,40069.16,0,518.77,0,0
7351,Port Hacking,-34.11923,151.22667,2015-02-26T09:37:00Z,2015,2,26,09:37:00,6727.15,171.43,0,6842.86,150000,0,1571.43,0,0
7383,Maria Island,-42.59667,148.23333,2015-02-25T10:20:00Z,2015,2,25,10:20:00,2738.1,690.48,0,9948.99,428571.42,0,3190.48,0,0
7582,Kangaroo Island,-35.83217,136.44733,2015-02-25T08:55:00Z,2015,2,25,08:55:00,52964.03,388.73,17978.62,3916.42,59280.86,0,194.36,0,0
7722,Yongala,-19.30847,147.61842,2015-02-24T10:40:00Z,2015,2,24,10:40:00,3350.23,203.04,0,3223.34,192893.39,0,2690.35,0,0
7320,Rottnest Island,-32,115.41667,2015-02-24T10:17:00Z,2015,2,24,10:17:00,911.31,221.67,0,2610.83,40394.08,24.63,492.6,0,0
7305,Rottnest Island,-32,115.41667,2015-01-28T10:15:00Z,2015,1,28,10:15:00,700,500,0,150,317142.86,25,3225,0,0
7091,Port Hacking,-34.11923,151.22667,2015-01-22T09:48:00Z,2015,1,22,09:48:00,115391.76,0,0,21663.86,218090.46,0,9305.79,0,372.23
7552,Yongala,-19.30847,147.61842,2015-01-19T11:25:00Z,2015,1,19,11:25:00,468.75,312.49,25000,963.53,241718.75,0,2500.01,0,26.04
7009,North Stradbroke,-27.345,153.562,2015-01-19T10:35:00Z,2015,1,19,10:35:00,12250,50,0,5670,26000,0,12000,0,0
6979,North Stradbroke,-27.345,153.562,2014-12-23T10:35:00Z,2014,12,23,10:35:00,105,17.5,875,3657.5,37800,0,280,0,52.5
7076,Maria Island,-42.59667,148.23333,2014-12-09T10:05:00Z,2014,12,9,10:05:00,25,875,0,4660.71,404285.71,0,0,0,0
7537,Yongala,-19.30847,147.61842,2014-12-09T10:04:00Z,2014,12,9,10:04:00,2260,40,1000,1780,38000,0,2000,0,0
7106,Port Hacking,-34.11923,151.22667,2014-12-09T09:51:00Z,2014,12,9,09:51:00,102040.81,226.76,0,12439.91,140022.66,0,11337.87,0,0
7136,Kangaroo Island,-35.83217,136.44733,2014-12-02T06:05:00Z,2014,12,2,06:05:00,150,0,0,4925,60750,0,0,0,0
7011,Maria Island,-42.59667,148.23333,2014-11-28T09:30:00Z,2014,11,28,09:30:00,24.27,1116.51,0,3419.47,60822.39,0,0,0,0
7522,Yongala,-19.30847,147.61842,2014-11-21T08:48:00Z,2014,11,21,08:48:00,1200,150,22300,9250,74500,0,650,0,0
6994,Rottnest Island,-32,115.41667,2014-11-19T10:16:00Z,2014,11,19,10:16:00,2263.16,26.32,526.32,12303.66,200862.36,0,289.49,0,0
7151,Port Hacking,-34.11923,151.22667,2014-11-13T09:36:00Z,2014,11,13,09:36:00,57925.85,0,0,22407.67,153879.18,0,3206.42,0,0
6866,North Stradbroke,-27.345,153.562,2014-11-07T10:35:00Z,2014,11,7,10:35:00,625,0,0,6075,47000,0,175,0,0
6786,Maria Island,-42.59667,148.23333,2014-10-30T09:27:00Z,2014,10,30,09:27:00,5375,125,0,5075,170500,0,300,0,0
7121,Kangaroo Island,-35.83217,136.44733,2014-10-29T11:00:00Z,2014,10,29,11:00:00,150,50,0,2675,56500,0,0,0,0
6800,Port Hacking,-34.11923,151.22667,2014-10-22T09:30:00Z,2014,10,22,09:30:00,17439.5,235.21,0,26643.13,218010.75,0,6754.02,0,235.22
5646,North Stradbroke,-27.345,153.562,2014-10-20T10:45:00Z,2014,10,20,10:45:00,237.5,0,3462.5,1562.5,11750,0,50,0,0
7507,Yongala,-19.30847,147.61842,2014-10-14T12:02:00Z,2014,10,14,12:02:00,8410,200,39000,5310,107500,0,22000,0,200
6735,Rottnest Island,-32,115.41667,2014-10-14T11:52:00Z,2014,10,14,11:52:00,504.81,48.08,1081.73,6802.89,89927.89,0,96.16,0,0
6721,Rottnest Island,-32,115.41667,2014-09-19T12:57:00Z,2014,9,19,12:57:00,1116.73,0,0,11598.98,305888.32,25.38,1040.6,0,126.9
5626,North Stradbroke,-27.345,153.562,2014-09-17T10:30:00Z,2014,9,17,10:30:00,381.11,0,1041.67,1248.83,83646.04,0,76.22,0,0
6692,Maria Island,-42.59667,148.23333,2014-09-16T09:20:00Z,2014,9,16,09:20:00,46771.04,0,0,4365.3,109963.97,0,461.94,0,0
5815,Port Hacking,-34.11923,151.22667,2014-09-11T10:13:00Z,2014,9,11,10:13:00,3278.5,0,0,9559.72,202020.19,0,392.5,0,346.32
5941,Yongala,-19.30847,147.61842,2014-09-10T10:35:00Z,2014,9,10,10:35:00,275,25,0,3595,25000,0,50,0,0
6707,Rottnest Island,-32,115.41667,2014-09-02T11:55:00Z,2014,9,2,11:55:00,2875,0,0,9550,133125,0,425,0,0
5619,North Stradbroke,-27.345,153.562,2014-09-01T10:10:00Z,2014,9,1,10:10:00,321.14,0,0,518.77,66699.6,0,148.22,0,0
5801,Port Hacking,-34.11923,151.22667,2014-08-25T09:57:00Z,2014,8,25,09:57:00,151.67,278.06,0,10591.5,228140.1,0,75.84,0,50.56
6574,Maria Island,-42.59667,148.23333,2014-08-21T11:50:00Z,2014,8,21,11:50:00,94.25,494.82,0,2801.34,127426.98,0,212.07,0,212.06
5927,Yongala,-19.30847,147.61842,2014-08-20T11:15:00Z,2014,8,20,11:15:00,30,45,0,1860,51600,0,165,0,0
5629,Maria Island,-42.59667,148.23333,2014-08-07T12:00:00Z,2014,8,7,12:00:00,653.43,169.4,290.42,2082.92,334002.9,0,701.83,24.2,242.01
5943,Rottnest Island,-32,115.41667,2014-07-30T10:03:00Z,2014,7,30,10:03:00,904.78,119.05,0,23.81,88571.42,71.43,261.91,0,95.24
5520,North Stradbroke,-27.345,153.562,2014-07-25T10:35:00Z,2014,7,25,10:35:00,6854.83,0,0,282.25,110383.06,0,10120.96,0,40.32
5913,Yongala,-19.30847,147.61842,2014-07-17T10:28:00Z,2014,7,17,10:28:00,82.93,73.17,1707.32,20560.97,198048.78,0,1121.95,0,0
5787,Port Hacking,-34.11923,151.22667,2014-07-16T10:00:00Z,2014,7,16,10:00:00,150.3,275.55,0,12575.15,109719.44,0,100.2,0,225.45
6678,Kangaroo Island,-35.83217,136.44733,2014-07-13T16:13:00Z,2014,7,13,16:13:00,6232.98,0,0,8381.87,111715.2,0,14757.28,0,906.14
5527,Maria Island,-42.59667,148.23333,2014-07-03T11:30:00Z,2014,7,3,11:30:00,96.8,169.41,0,2768.63,422071.64,24.2,242,0,217.81
5857,Rottnest Island,-32,115.41667,2014-06-24T13:16:00Z,2014,6,24,13:16:00,22851.14,0,0,2830.19,138207.54,0,52620.54,0,0
5899,Yongala,-19.30847,147.61842,2014-06-24T10:53:00Z,2014,6,24,10:53:00,2400,300,75,7950,17500,0,750,0,0
5488,North Stradbroke,-27.345,153.562,2014-06-23T10:20:00Z,2014,6,23,10:20:00,15023.47,341.44,0,2518.14,94366.2,0,44728.97,0,170.72
5524,Maria Island,-42.59667,148.23333,2014-06-19T11:30:00Z,2014,6,19,11:30:00,194.17,533.97,0,2987.64,213786.4,24.27,24.27,0,48.54
5773,Port Hacking,-34.11923,151.22667,2014-06-13T09:20:00Z,2014,6,13,09:20:00,3365.36,0,581.98,7152.5,285650.03,0,3846.17,0,75.91
5885,Yongala,-19.30847,147.61842,2014-05-27T12:12:00Z,2014,5,27,12:12:00,2049.6,455.45,48836.03,4377.52,114878.54,0,253.04,0,0
5843,Rottnest Island,-32,115.41667,2014-05-19T12:22:00Z,2014,5,19,12:22:00,405.53,47.7,0,5510.49,104484.73,0,47.7,0,23.85
5495,Maria Island,-42.59667,148.23333,2014-05-16T10:20:00Z,2014,5,16,10:20:00,292.13,563.39,0,4152.34,492018.78,20.87,83.47,0,166.93
5731,Kangaroo Island,-35.83217,136.44733,2014-05-07T13:45:00Z,2014,5,7,13:45:00,4070.7,212.12,0,1149.14,44959.4,0,22222.22,0,134.68
5457,North Stradbroke,-27.345,153.562,2014-05-07T10:25:00Z,2014,5,7,10:25:00,280.61,51.02,0,12081.33,126050.42,0,816.32,0,25.51
5871,Yongala,-19.30847,147.61842,2014-05-01T11:25:00Z,2014,5,1,11:25:00,1325.38,415.8,19490.65,3066.54,75623.71,0,259.88,0,0
5745,Port Hacking,-34.11923,151.22667,2014-04-28T09:38:00Z,2014,4,28,09:38:00,303.04,252.53,29292.93,8762.63,550505.06,0,1161.62,0,25.25
5473,Maria Island,-42.59667,148.23333,2014-04-08T11:03:00Z,2014,4,8,11:03:00,7645.62,543.68,0,844.66,103956.31,0,558.25,0,0
5443,North Stradbroke,-27.345,153.562,2014-04-04T10:45:00Z,2014,4,4,10:45:00,2015.29,280.61,231887.76,4651.36,938801.02,0,2551.03,0,0
5829,Rottnest Island,-32,115.41667,2014-03-19T12:30:00Z,2014,3,19,12:30:00,1189.34,47.58,0,3663.17,112274.04,0,451.96,0,23.79
5661,Maria Island,-42.59667,148.23333,2014-03-19T10:55:00Z,2014,3,19,10:55:00,92.17,737.32,0,1797.24,712442.4,0,184.34,0,0
5491,Port Hacking,-34.11923,151.22667,2014-03-18T09:48:00Z,2014,3,18,09:48:00,881.18,50.36,18126.89,3913.77,203240.87,0,503.53,0,25.18
5072,Yongala,-19.30847,147.61842,2014-03-17T14:07:00Z,2014,3,17,14:07:00,177.28,52.14,68952.03,1131.39,34410.84,0,208.56,0,0
5645,Kangaroo Island,-35.83217,136.44733,2014-03-13T14:00:00Z,2014,3,13,14:00:00,2756.62,244.39,0,8279.6,145161.29,0,3592.37,0,293.26
4907,North Stradbroke,-27.345,153.562,2014-03-06T10:15:00Z,2014,3,6,10:15:00,1109.99,227.04,9535.82,1053.73,176977.41,0,454.09,0,0
5514,Rottnest Island,-32,115.41667,2014-02-27T12:39:00Z,2014,2,27,12:39:00,1159.1,22.73,85561.5,807.48,114062.84,22.73,954.54,0,45.45
5058,Yongala,-19.30847,147.61842,2014-02-20T10:48:00Z,2014,2,20,10:48:00,2281.89,35.49,38717.03,2687.61,104462.48,0,1597.33,0,0
3311,North Stradbroke,-27.345,153.562,2014-02-13T10:20:00Z,2014,2,13,10:20:00,170.57,0,97.47,2982.47,232943.47,0,365.5,0,0
6657,Port Hacking,-34.11923,151.22667,2014-02-12T09:57:00Z,2014,2,12,09:57:00,102184.14,0,705.65,12147.19,225651.37,0,806.45,0,705.65
5447,Maria Island,-42.59667,148.23333,2014-02-05T11:05:00Z,2014,2,5,11:05:00,520.83,733.9,23.67,1557.76,205126.54,0,1917.61,0,0
5622,Kangaroo Island,-35.83217,136.44733,2014-01-22T15:15:00Z,2014,1,22,15:15:00,196.27,34.34,0,1226.67,132482.82,0,4342.49,0,0
5440,Rottnest Island,-32,115.41667,2014-01-22T10:10:00Z,2014,1,22,10:10:00,69292.93,1010.1,0,7186.15,356623.38,0,3232.32,0,0
5044,Yongala,-19.30847,147.61842,2014-01-22T10:00:00Z,2014,1,22,10:00:00,979.38,139.17,463.92,1222.79,147193.58,0,103.08,0,0
6651,Port Hacking,-34.11923,151.22667,2014-01-21T09:43:00Z,2014,1,21,09:43:00,79688.94,0,0,13817.9,165367.21,0,8853.11,0,0
4933,Rottnest Island,-32,115.41667,2013-12-18T10:43:00Z,2013,12,18,10:43:00,24705.9,0,5882.35,5718.96,58823.54,0,1176.48,0,0
3445,Maria Island,-42.59667,148.23333,2013-12-17T11:05:00Z,2013,12,17,11:05:00,34799.37,1425.52,0,6394.98,149840.52,0,8385.39,0,0
3269,North Stradbroke,-27.345,153.562,2013-12-12T10:20:00Z,2013,12,12,10:20:00,31562.82,395.65,3264.09,12363.99,1315529.19,0,5440.15,0,0
5030,Yongala,-19.30847,147.61842,2013-12-05T11:26:00Z,2013,12,5,11:26:00,4107.13,459.18,42755.1,5535.71,691377.55,0,1989.78,0,51.02
7045,Port Hacking,-34.11923,151.22667,2013-12-03T09:30:00Z,2013,12,3,09:30:00,300.32,130.14,0,670.68,175200.21,0,325.34,0,0
4930,Rottnest Island,-32,115.41667,2013-11-22T10:26:00Z,2013,11,22,10:26:00,1289.48,421.05,3500,3902.84,177643.73,52.63,1236.85,0,0
3185,North Stradbroke,-27.345,153.562,2013-11-22T09:55:00Z,2013,11,22,09:55:00,56418.26,89.55,0,4208.97,669406.98,0,23015.06,0,0
3314,Maria Island,-42.59667,148.23333,2013-11-18T10:50:00Z,2013,11,18,10:50:00,1608.19,2660.81,0,2707.61,230994.16,0,584.8,29.24,0
5016,Yongala,-19.30847,147.61842,2013-11-14T10:32:00Z,2013,11,14,10:32:00,2884.61,414.99,24898.79,7455.02,300320.52,0,3643.72,0,0
7044,Port Hacking,-34.11923,151.22667,2013-10-28T10:17:00Z,2013,10,28,10:17:00,277.77,25.25,0,10444.44,86060.61,0,378.79,0,0
7043,Port Hacking,-34.11923,151.22667,2013-10-21T09:36:00Z,2013,10,21,09:36:00,14097.37,101.41,0,862.07,96771.47,0,2434.08,0,0
7042,Rottnest Island,-32,115.41667,2013-10-17T08:00:00Z,2013,10,17,08:00:00,122.55,171.57,0,351.31,40522.88,0,34.31,0,0
3188,North Stradbroke,-27.345,153.562,2013-10-16T10:40:00Z,2013,10,16,10:40:00,45885.02,275.31,0,1284.78,2033165.69,0,29091.1,0,91.77
5002,Yongala,-19.30847,147.61842,2013-10-15T11:40:00Z,2013,10,15,11:40:00,26218.61,428.24,10325.66,44509.77,570423.87,0,10278.08,0,47.58
7041,Rottnest Island,-32,115.41667,2013-10-01T11:55:00Z,2013,10,1,11:55:00,281.97,164.48,0,411.98,34147.86,0,70.49,0,0
3141,Maria Island,-42.59667,148.23333,2013-09-24T11:40:00Z,2013,9,24,11:40:00,1182.5,330,27.5,2909.5,129250,0,55,0,137.5
3039,Darwin,-12.4,130.76805,2013-09-16T11:26:00Z,2013,9,16,11:26:00,1148.19,566.14,0,370.39,0,0,2936.54,0,52.91
3051,Port Hacking,-34.11923,151.22667,2013-09-16T08:15:00Z,2013,9,16,08:15:00,14419.89,395.71,0,2934.28,269114.69,0,77800.14,0,335.35
3030,North Stradbroke,-27.345,153.562,2013-09-13T10:25:00Z,2013,9,13,10:25:00,9732.54,720.92,23970.87,3244.17,1064631.25,0,52808.01,0,0
3063,Yongala,-19.30847,147.61842,2013-09-12T11:26:00Z,2013,9,12,11:26:00,9500.49,489.71,803134.18,7355.53,1390793.34,0,48775.71,0,0
3273,Kangaroo Island,-35.83217,136.44733,2013-08-28T08:55:00Z,2013,8,28,08:55:00,148.8,34.72,0,6522.82,270337.3,0,173.6,0,124.01
3048,Port Hacking,-34.11923,151.22667,2013-08-27T09:30:00Z,2013,8,27,09:30:00,1526.55,35.04,300.3,535.55,157300.15,0,1351.37,0,10.01
3178,Maria Island,-42.59667,148.23333,2013-08-21T11:21:00Z,2013,8,21,11:21:00,2815.37,226.24,628.43,271.47,108089.58,0,301.64,125.69,201.1
3024,North Stradbroke,-27.345,153.562,2013-08-19T10:10:00Z,2013,8,19,10:10:00,62193.67,0,0,12530.64,441176.47,0,78125,0,153.19
3060,Yongala,-19.30847,147.61842,2013-08-08T10:58:00Z,2013,8,8,10:58:00,2811.89,316.81,19504.95,6574.25,576732.67,0,18376.23,0,0
3138,Maria Island,-42.59667,148.23333,2013-08-07T11:30:00Z,2013,8,7,11:30:00,2322.42,327.09,0,2172.89,50000,0,490.65,93.46,163.55
3093,Ningaloo,-21.99,113.779,2013-08-06T14:03:00Z,2013,8,6,14:03:00,2151.33,642.94,321.46,1607.32,518546,0,5687.44,0,321.46
3027,North Stradbroke,-27.345,153.562,2013-08-06T10:15:00Z,2013,8,6,10:15:00,45490.21,392.16,0,5343.14,270833.33,0,14509.8,0,0
3045,Port Hacking,-34.11923,151.22667,2013-07-26T09:24:00Z,2013,7,26,09:24:00,11347.69,350.7,0,5764.85,395791.59,0,2379.75,0,275.55
3087,Esperance,-33.93333,121.85,2013-07-25T09:57:00Z,2013,7,25,09:57:00,1538.46,474.18,263.44,837.72,457428.87,36.88,1870.39,0,131.71
3057,Yongala,-19.30847,147.61842,2013-07-19T11:08:00Z,2013,7,19,11:08:00,2800.01,236.86,5500,536.86,842105.26,26.32,3368.45,0,26.32
3111,Rottnest Island,-32,115.41667,2013-07-12T12:35:00Z,2013,7,12,12:35:00,2922.7,603.85,0,9468.57,652222.23,72.46,3937.2,0,410.63
3016,North Stradbroke,-27.345,153.562,2013-07-07T09:40:00Z,2013,7,7,09:40:00,13151.2,468.29,585.37,3258.53,543902.44,39.02,11941.46,0,195.12
3074,Darwin,-12.4,130.76805,2013-06-18T00:30:00Z,2013,6,18,00:30:00,5035.03,960.96,0,1881.88,80.08,80.08,20060.06,0,80.08
3042,Port Hacking,-34.11923,151.22667,2013-06-12T09:55:00Z,2013,6,12,09:55:00,5109.68,1744.78,822.53,3963.11,144566.31,0,473.59,0,224.33
3054,Yongala,-19.30847,147.61842,2013-06-11T13:34:00Z,2013,6,11,13:34:00,2855.7,1327.65,2179.36,14487.3,691708.41,0,5435.86,0,0
3135,Maria Island,-42.59667,148.23333,2013-06-11T11:55:00Z,2013,6,11,11:55:00,264.55,88.19,0,1604.95,44973.54,0,66.14,44.09,88.18
3020,Maria Island,-42.59667,148.23333,2013-05-28T10:56:00Z,2013,5,28,10:56:00,2780.49,487.8,0,58829.27,317926.83,0,707.32,0,19.51
1795,North Stradbroke,-27.345,153.562,2013-05-20T10:05:00Z,2013,5,20,10:05:00,7409.12,388.89,1767.68,40959.6,1510126.26,25.25,5505.07,0,0
3108,Rottnest Island,-32,115.41667,2013-05-17T10:00:00Z,2013,5,17,10:00:00,2902.4,1182.1,25.15,11418.51,545950.71,0,5306.84,0,251.5
1792,Yongala,-19.30847,147.61842,2013-05-15T10:30:00Z,2013,5,15,10:30:00,3761.95,740.76,19047.62,846.6,484656.08,0,2989.44,0,0
3081,Port Hacking,-34.11923,151.22667,2013-05-15T09:40:00Z,2013,5,15,09:40:00,2196.97,883.84,0,1994.96,163661.61,0,6363.65,0,227.27
3090,Ningaloo,-21.99,113.779,2013-05-09T10:20:00Z,2013,5,9,10:20:00,1196.09,269.61,980.39,3970.59,88725.5,24.51,1642.17,0,98.04
1780,Kangaroo Island,-35.83217,136.44733,2013-05-07T07:55:00Z,2013,5,7,07:55:00,2509.74,316.77,0,4442.83,770224.18,0,2850.89,0,414.23
1768,Maria Island,-42.59667,148.23333,2013-04-24T10:50:00Z,2013,4,24,10:50:00,1584.16,247.52,0,1584.16,36435.65,0,242.57,0,0
3105,Rottnest Island,-32,115.41667,2013-04-23T10:38:00Z,2013,4,23,10:38:00,3049.39,277.21,75.6,6078.16,197947.2,50.4,2368.95,0,226.81
3078,Port Hacking,-34.11923,151.22667,2013-04-23T09:32:00Z,2013,4,23,09:32:00,402.01,201.01,527.64,11783.93,2430150.75,25.13,854.28,25.13,25.13
1761,North Stradbroke,-27.345,153.562,2013-04-18T10:05:00Z,2013,4,18,10:05:00,738.21,246.07,1993.11,1796.26,324852.35,0,1550.18,0,24.61
1789,Yongala,-19.30847,147.61842,2013-04-16T11:35:00Z,2013,4,16,11:35:00,7123.73,979.38,37886.6,3567.01,18247.43,0,2164.96,0,0
1755,Darwin,-12.4,130.76805,2013-04-05T09:40:00Z,2013,4,5,09:40:00,9303.57,0,17791.08,391.73,0,0,11099.02,0,54.41
1758,North Stradbroke,-27.345,153.562,2013-03-26T11:10:00Z,2013,3,26,11:10:00,6194.27,123.88,4732.41,44.6,2120911.79,0,2205.15,0,148.67
3075,Port Hacking,-34.11923,151.22667,2013-03-20T09:27:00Z,2013,3,20,09:27:00,7815.61,0,3006.01,225.45,104326.3,0,4809.61,0,0
1765,Maria Island,-42.59667,148.23333,2013-03-14T10:00:00Z,2013,3,14,10:00:00,20292.67,325.2,0,1170.73,6471.53,0,11707.32,0,0
3084,Esperance,-33.93333,121.85,2013-03-14T09:24:00Z,2013,3,14,09:24:00,2808.76,129.48,0,1254.98,2988.05,0,886.44,9.96,0
1801,Port Hacking,-34.11923,151.22667,2013-02-28T08:03:00Z,2013,2,28,08:03:00,32290.62,0,15136.23,908.17,68617.56,0,103329.99,0,0
3099,Rottnest Island,-32,115.41667,2013-02-21T12:55:00Z,2013,2,21,12:55:00,3057.15,73.96,0,2687.37,74457.6,0,6927.99,0,24.65
1786,Yongala,-19.30847,147.61842,2013-02-20T10:42:00Z,2013,2,20,10:42:00,4097.94,360.84,7603.09,3298.96,18041.23,0,2603.1,0,0
1771,Maria Island,-42.59667,148.23333,2013-02-14T11:00:00Z,2013,2,14,11:00:00,15073.9,0,0,1149.42,8637.12,0,2364.53,0,0
1559,Ningaloo,-21.99,113.779,2013-02-09T09:22:00Z,2013,2,9,09:22:00,8774.5,171.57,1225.49,7022.65,80298.78,24.51,6053.93,245.1,49.02
1783,Yongala,-19.30847,147.61842,2013-01-31T10:15:00Z,2013,1,31,10:15:00,36820.92,0,62273.64,211.27,13682.09,0,4426.55,0,0
1577,Maria Island,-42.59667,148.23333,2013-01-30T10:33:00Z,2013,1,30,10:33:00,24300,200,0,15100,492500,0,1900,0,0
1571,Rottnest Island,-32,115.41667,2013-01-25T10:10:00Z,2013,1,25,10:10:00,99515.96,387.22,16456.92,6098.74,44530.5,0,26331.07,0,0
1522,North Stradbroke,-27.345,153.562,2013-01-23T10:15:00Z,2013,1,23,10:15:00,17194.11,210.97,20358.65,421.95,0,0,11919.84,0,0
1518,North Stradbroke,-27.345,153.562,2013-01-11T10:40:00Z,2013,1,11,10:40:00,537.11,97.66,16162.11,5273.44,197265.62,0,99560.55,0,48.83
3096,Rottnest Island,-32,115.41667,2012-12-19T11:48:00Z,2012,12,19,11:48:00,2550.51,25.25,1262.63,202.01,12373.75,0,1085.85,0,50.5
1485,Yongala,-19.30847,147.61842,2012-12-19T10:20:00Z,2012,12,19,10:20:00,4133.32,266.67,14533.33,8533.33,43500,0,74466.66,0,0
1804,Port Hacking,-34.11923,151.22667,2012-12-19T09:31:00Z,2012,12,19,09:31:00,27358.63,304.26,0,2099.39,29208.92,0,514097.37,0,202.84
1550,Esperance,-33.93333,121.85,2012-12-12T09:10:00Z,2012,12,12,09:10:00,1287.26,124.25,0,3066.6,15904.59,0,2037.76,0,0
1483,Darwin,-12.4,130.76805,2012-12-09T12:30:00Z,2012,12,9,12:30:00,12845.85,988.14,26811.6,1021.08,0,32.94,27305.65,0,98.81
1487,Yongala,-19.30847,147.61842,2012-11-29T10:40:00Z,2012,11,29,10:40:00,1175,375,11000,4825,1e+05,0,1400,0,0
1568,Rottnest Island,-32,115.41667,2012-11-26T11:02:00Z,2012,11,26,11:02:00,3010.49,261.78,0,1020.95,73821.99,0,6413.62,0,26.18
1774,Port Hacking,-34.11923,151.22667,2012-11-21T09:30:00Z,2012,11,21,09:30:00,104993.5,0,0,4176.71,242971.9,0,10793.17,0,251
1493,North Stradbroke,-27.345,153.562,2012-11-14T10:45:00Z,2012,11,14,10:45:00,47110.8,490.74,0,2171.52,94258.38,0,72383.76,0,245.37
1574,Maria Island,-42.59667,148.23333,2012-11-13T10:45:00Z,2012,11,13,10:45:00,160,250,0,1000,156500,0,150,0,0
1556,Ningaloo,-21.99,113.779,2012-11-07T12:00:00Z,2012,11,7,12:00:00,2750,650,0,3375,61000,0,7750,0,25
1536,Darwin,-12.4,130.76805,2012-10-30T07:51:00Z,2012,10,30,07:51:00,3319.63,0,8836.07,0,0,0,18453.23,0,0
1489,Yongala,-19.30847,147.61842,2012-10-26T11:20:00Z,2012,10,26,11:20:00,1450,0,0,1741.67,170833.34,0,18083.33,0,0
1565,Rottnest Island,-32,115.41667,2012-10-19T09:54:00Z,2012,10,19,09:54:00,675.69,200.21,0,100.1,144519.52,0,2402.41,0,25.03
1532,Maria Island,-42.59667,148.23333,2012-10-18T10:52:00Z,2012,10,18,10:52:00,223162.98,761.61,0,20732.83,240924.09,0,12947.44,0,0
1494,North Stradbroke,-27.345,153.562,2012-10-17T10:20:00Z,2012,10,17,10:20:00,11868.7,202.03,202.02,479.79,275252.53,0,4974.75,0,0
1539,Port Hacking,-34.11923,151.22667,2012-10-10T09:44:00Z,2012,10,10,09:44:00,224988.6,3517.59,0,8542.71,67336.68,0,25125.62,0,0
1547,Maria Island,-42.59667,148.23333,2012-10-02T10:15:00Z,2012,10,2,10:15:00,5035,0,0,525,3350,0,1175,0,0
1562,Rottnest Island,-32,115.41667,2012-09-28T11:41:00Z,2012,9,28,11:41:00,759.17,235.6,0,2539.27,46596.86,26.18,759.18,0,52.36
1491,Yongala,-19.30847,147.61842,2012-09-18T11:00:00Z,2012,9,18,11:00:00,5075.37,0,1758.79,1055.28,16884.42,0,1155.77,0,0
1542,Port Hacking,-34.11923,151.22667,2012-09-18T09:38:00Z,2012,9,18,09:38:00,36005.63,421.94,0,1252.22,90522.21,0,3516.18,0,0
1495,North Stradbroke,-27.345,153.562,2012-09-12T10:20:00Z,2012,9,12,10:20:00,47058.82,385.72,96.43,5207.32,63645.13,0,10221.79,0,0
1740,Esperance,-33.93333,121.85,2012-09-10T12:51:00Z,2012,9,10,12:51:00,1021.22,505.56,0,5773.5,124705.09,0,910.01,0,50.56
1723,Ningaloo,-21.99,113.779,2012-08-27T08:05:00Z,2012,8,27,08:05:00,901.12,462.11,0,2518.5,13863.21,0,2195.02,0,115.53
1734,Rottnest Island,-32,115.41667,2012-08-24T11:06:00Z,2012,8,24,11:06:00,233.16,440.42,0,1010.37,14507.77,0,284.98,25.91,51.82
1526,Port Hacking,-34.11923,151.22667,2012-08-22T09:19:00Z,2012,8,22,09:19:00,2182.74,0,25482.23,3680.2,65482.23,0,6700.51,0,0
1496,North Stradbroke,-27.345,153.562,2012-08-21T10:15:00Z,2012,8,21,10:15:00,29377.99,478.46,765.55,2057.42,124736.84,0,10334.92,0,0
1693,Maria Island,-42.59667,148.23333,2012-08-20T11:15:00Z,2012,8,20,11:15:00,835,100,0,1025,30500,0,50,0,0
1549,Yongala,-19.30847,147.61842,2012-08-16T00:00:00Z,2012,8,16,00:00:00,1875,125,7250,200,0,0,2050,0,25
1473,North Stradbroke,-27.345,153.562,2012-08-06T10:15:00Z,2012,8,6,10:15:00,12717.97,328.21,0,3494.64,100233.09,0,16041.03,0,0
1615,Darwin,-12.4,130.76805,2012-07-30T02:00:00Z,2012,7,30,02:00:00,3216.85,940.59,1128.71,103.47,0,0,5220.31,0,376.24
1732,Rottnest Island,-32,115.41667,2012-07-27T09:55:00Z,2012,7,27,09:55:00,1414.04,325.53,0,2706,28728.38,0,986.77,0,40.69
1511,Yongala,-19.30847,147.61842,2012-07-26T11:00:00Z,2012,7,26,11:00:00,10823.62,229.1,0,91.64,4123.71,0,1557.85,0,0
1692,Maria Island,-42.59667,148.23333,2012-07-24T10:50:00Z,2012,7,24,10:50:00,25,25,0,1000,22000,0,25,0,0
1476,Port Hacking,-34.11923,151.22667,2012-07-17T10:00:00Z,2012,7,17,10:00:00,29045.23,502.51,14271.36,1708.54,16080.4,0,155879.39,0,201.01
1515,North Stradbroke,-27.345,153.562,2012-06-20T10:20:00Z,2012,6,20,10:20:00,1532.33,218.9,372.14,2585.51,138640.13,0,2407.96,0,0
1472,Yongala,-19.30847,147.61842,2012-06-15T10:41:00Z,2012,6,15,10:41:00,525,250,0,50,3000,0,100,0,0
1737,Esperance,-33.93333,121.85,2012-06-12T09:24:00Z,2012,6,12,09:24:00,690.73,876.29,2474.23,8608.25,118556.7,0,1721.67,0,51.55
1474,Yongala,-19.30847,147.61842,2012-06-04T10:30:00Z,2012,6,4,10:30:00,1994.97,20.2,2171.72,1149.12,116959.06,0,454.55,0,0
1729,Rottnest Island,-32,115.41667,2012-05-23T12:22:00Z,2012,5,23,12:22:00,4638.39,96.44,337.51,3451.7,118554.65,0,2324.03,0,241.08
129,Port Hacking,-34.11923,151.22667,2012-05-18T09:33:00Z,2012,5,18,09:33:00,24628,0,37,1717,220187,0,12015,0,0
1471,North Stradbroke,-27.345,153.562,2012-05-11T10:05:00Z,2012,5,11,10:05:00,19323.7,100.29,0,2457,272727.27,0,23476.72,0,0
1743,Ningaloo,-21.99,113.779,2012-05-09T10:50:00Z,2012,5,9,10:50:00,270.68,738.19,812.01,1476.39,23622.05,0,1353.34,0,0
111,Rottnest Island,-32,115.41667,2012-05-04T13:00:00Z,2012,5,4,13:00:00,4721,27,0,10650,279638,0,3560,0,0
1512,Yongala,-19.30847,147.61842,2012-04-24T10:50:00Z,2012,4,24,10:50:00,1228.88,323.39,16293.53,547.27,31840.79,0,945.29,0,49.75
1513,Darwin,-12.4,130.76805,2012-04-17T09:42:00Z,2012,4,17,09:42:00,2833.32,0,1901.04,208.33,0,0,7083.34,0,26.04
37,Kangaroo Island,-35.83217,136.44733,2012-04-15T10:42:00Z,2012,4,15,10:42:00,175,0,0,1528,178302,0,100,0,0
38,Maria Island,-42.59667,148.23333,2012-04-12T10:45:00Z,2012,4,12,10:45:00,1049,91,0,8108,390794,0,48305,0,0
1475,Yongala,-19.30847,147.61842,2012-04-02T10:44:00Z,2012,4,2,10:44:00,69873.72,283.49,21696.25,2037.33,96037.3,0,7626.55,0,466.2
55,Rottnest Island,-32,115.41667,2012-03-29T10:03:00Z,2012,3,29,10:03:00,9048,24,0,3810,524238,0,9429,0,0
110,Maria Island,-42.59667,148.23333,2012-03-27T10:40:00Z,2012,3,27,10:40:00,2580,0,0,1287,148060,0,480,0,0
41,Port Hacking,-34.11923,151.22667,2012-03-12T09:00:00Z,2012,3,12,09:00:00,96,0,0,15037,209096,0,19570,0,0
1469,North Stradbroke,-27.345,153.562,2012-03-01T09:45:00Z,2012,3,1,09:45:00,800.73,25.02,95359.43,1718.21,338187.7,0,6055.44,0,0
81,Esperance,-33.93333,121.85,2012-02-29T10:00:00Z,2012,2,29,10:00:00,4107,0,742,2521,398474,0,1186,0,0
151,Ningaloo,-21.99,113.779,2012-02-26T09:54:00Z,2012,2,26,09:54:00,2148,0,42,3248,209938,0,4366,0,0
82,Maria Island,-42.59667,148.23333,2012-02-22T11:00:00Z,2012,2,22,11:00:00,1460,0,0,5110,471516,0,1695,0,0
36,Rottnest Island,-32,115.41667,2012-02-21T09:40:00Z,2012,2,21,09:40:00,2775,0,61,1027,129499,0,2223,0,0
83,Kangaroo Island,-35.83217,136.44733,2012-02-15T11:50:00Z,2012,2,15,11:50:00,28463,0,0,11038,316608,0,510,0,0
109,North Stradbroke,-27.345,153.562,2012-02-14T08:00:00Z,2012,2,14,08:00:00,63375,0,937,1990,339571,0,8584,0,0
18,Port Hacking,-34.11923,151.22667,2012-02-13T10:00:00Z,2012,2,13,10:00:00,8451,0,0,3026,283798,0,7025,0,0
80,Yongala,-19.30847,147.61842,2012-02-08T10:49:00Z,2012,2,8,10:49:00,31805,0,4473,2440,248549,0,3257,0,0
35,Rottnest Island,-32,115.41667,2012-01-30T11:09:00Z,2012,1,30,11:09:00,1775,0,486,3377,176894,0,2648,0,0
169,Maria Island,-42.59667,148.23333,2012-01-19T12:00:00Z,2012,1,19,12:00:00,3946,0,0,1927,579955,0,780,0,0
56,Kangaroo Island,-35.83217,136.44733,2012-01-17T07:00:00Z,2012,1,17,07:00:00,1191,0,0,5417,272045,0,162,0,0
174,Darwin,-12.4,130.76805,2012-01-15T15:10:00Z,2012,1,15,15:10:00,3824,0,10614,85,0,0,18594,0,0
78,Darwin,-12.4,130.76805,2012-01-15T13:05:00Z,2012,1,15,13:05:00,3687,0,968,138,0,0,13188,0,0
173,Darwin,-12.4,130.76805,2012-01-15T09:05:00Z,2012,1,15,09:05:00,6944,0,2934,308,0,0,13792,0,0
53,Darwin,-12.4,130.76805,2012-01-15T07:00:00Z,2012,1,15,07:00:00,5421,0,1863,372,0,0,14902,0,0
54,Yongala,-19.30847,147.61842,2012-01-12T11:30:00Z,2012,1,12,11:30:00,9442,0,425,3786,416373,0,1446,0,0
107,Rottnest Island,-32,115.41667,2011-12-21T15:45:00Z,2011,12,21,15:45:00,736,22,43,2014,251243,0,1104,0,0
79,North Stradbroke,-27.345,153.562,2011-12-21T09:15:00Z,2011,12,21,09:15:00,384,0,0,3593,6862521,0,300,0,0
152,Kangaroo Island,-35.83217,136.44733,2011-12-20T09:30:00Z,2011,12,20,09:30:00,4175,0,0,6723,398180,0,2622,0,0
134,Maria Island,-42.59667,148.23333,2011-12-15T10:35:00Z,2011,12,15,10:35:00,587,0,0,3113,929248,0,934,0,0
105,Yongala,-19.30847,147.61842,2011-12-13T12:55:00Z,2011,12,13,12:55:00,10718,0,5670,2470,451973,0,1734,0,0
44,Port Hacking,-34.11923,151.22667,2011-12-07T09:30:00Z,2011,12,7,09:30:00,20021,0,40,15034,278960,0,7633,0,0
128,Esperance,-33.93333,121.85,2011-11-30T14:38:00Z,2011,11,30,14:38:00,606,0,132,3788,242355,0,370,0,0
106,Rottnest Island,-32,115.41667,2011-11-22T15:08:00Z,2011,11,22,15:08:00,1826,0,43,8086,299153,0,1392,0,0
114,Port Hacking,-34.11923,151.22667,2011-11-18T09:36:00Z,2011,11,18,09:36:00,80964,0,50,19940,489369,0,11134,0,0
133,North Stradbroke,-27.345,153.562,2011-11-16T10:00:00Z,2011,11,16,10:00:00,92359,0,0,6355,419513,0,90019,0,0
204,Kangaroo Island,-35.83217,136.44733,2011-11-15T11:30:00Z,2011,11,15,11:30:00,10339,0,0,1612,347468,0,1211,0,0
77,Ningaloo,-21.99,113.779,2011-11-07T10:00:00Z,2011,11,7,10:00:00,487,0,77,4314,348242,0,3830,0,0
149,Yongala,-19.30847,147.61842,2011-10-27T13:44:00Z,2011,10,27,13:44:00,3245,0,55,2475,486750,0,1595,0,0
203,Kangaroo Island,-35.83217,136.44733,2011-10-26T14:40:00Z,2011,10,26,14:40:00,577,0,231,6412,319605,0,115,0,0
161,Maria Island,-42.59667,148.23333,2011-10-26T11:00:00Z,2011,10,26,11:00:00,38180,103,0,2900,457337,0,223508,0,0
150,Rottnest Island,-32,115.41667,2011-10-20T12:00:00Z,2011,10,20,12:00:00,487,0,0,934,345587,0,1187,0,0
42,Port Hacking,-34.11923,151.22667,2011-10-19T09:31:00Z,2011,10,19,09:31:00,15273,0,1605,20088,583471,0,11438,0,0
60,North Stradbroke,-27.345,153.562,2011-10-13T10:30:00Z,2011,10,13,10:30:00,18079,0,0,2059,284372,0,7274,0,0
59,Maria Island,-42.59667,148.23333,2011-10-05T12:24:00Z,2011,10,5,12:24:00,6999,52,0,4148,569439,0,1374,0,0
45,Darwin,-12.4,130.76805,2011-10-05T09:31:00Z,2011,10,5,09:31:00,2199,0,117,527,29,0,10175,0,0
34,Rottnest Island,-32,115.41667,2011-09-23T09:40:00Z,2011,9,23,09:40:00,3543,0,130,6587,195717,0,1306,0,0
202,North Stradbroke,-27.345,153.562,2011-09-15T11:10:00Z,2011,9,15,11:10:00,52886,0,0,6018,317003,0,8516,0,0
201,Port Hacking,-34.11923,151.22667,2011-09-15T09:43:00Z,2011,9,15,09:43:00,156351,0,0,9266,353391,0,3744,0,0
157,Yongala,-19.30847,147.61842,2011-09-08T11:00:00Z,2011,9,8,11:00:00,5034,0,4372,8744,213230,0,1938,0,0
200,Port Hacking,-34.11923,151.22667,2011-08-29T10:03:00Z,2011,8,29,10:03:00,17441,0,0,6883,412588,0,6265,0,0
108,Rottnest Island,-32,115.41667,2011-08-26T09:43:00Z,2011,8,26,09:43:00,1418,24,95,8390,333610,0,1370,0,0
52,Esperance,-33.93333,121.85,2011-08-18T10:20:00Z,2011,8,18,10:20:00,1176,0,77,5522,454898,0,3139,0,0
130,North Stradbroke,-27.345,153.562,2011-08-16T10:00:00Z,2011,8,16,10:00:00,5230,0,0,6957,434985,0,4941,0,0
3,Maria Island,-42.59667,148.23333,2011-08-12T10:55:00Z,2011,8,12,10:55:00,7914,19,0,1147,262350,0,6390,0,0
85,Yongala,-19.30847,147.61842,2011-08-11T11:00:00Z,2011,8,11,11:00:00,3039,0,179,1839,274122,0,2758,0,0
88,North Stradbroke,-27.345,153.562,2011-07-28T09:30:00Z,2011,7,28,09:30:00,10786,0,279,4956,205135,0,8298,0,0
199,Maria Island,-42.59667,148.23333,2011-07-25T12:15:00Z,2011,7,25,12:15:00,209,167,0,14699,398647,0,688,0,0
160,Rottnest Island,-32,115.41667,2011-07-25T10:20:00Z,2011,7,25,10:20:00,1320,0,0,5357,379679,0,2314,0,0
87,Yongala,-19.30847,147.61842,2011-07-20T11:37:00Z,2011,7,20,11:37:00,2650,0,1175,2350,258600,0,2150,0,0
198,Port Hacking,-34.11923,151.22667,2011-07-18T09:38:00Z,2011,7,18,09:38:00,22316,0,8,3020,393656,0,13487,0,0
159,Ningaloo,-21.99,113.779,2011-07-06T11:04:00Z,2011,7,6,11:04:00,13919,0,0,5207,531031,0,13196,0,0
22,Darwin,-12.4,130.76805,2011-06-27T13:48:00Z,2011,6,27,13:48:00,4179,0,0,1643,252588,0,4230,0,0
132,North Stradbroke,-27.345,153.562,2011-06-23T10:25:00Z,2011,6,23,10:25:00,101671,0,0,1579,267016,0,10782,0,0
131,Rottnest Island,-32,115.41667,2011-06-22T10:00:00Z,2011,6,22,10:00:00,1718,0,0,6902,416010,0,4430,0,0
86,Port Hacking,-34.11923,151.22667,2011-06-20T09:34:00Z,2011,6,20,09:34:00,3909,0,24,5310,413017,0,2239,0,0
158,Yongala,-19.30847,147.61842,2011-06-16T11:25:00Z,2011,6,16,11:25:00,485,0,338,5454,212943,0,1395,0,0
197,North Stradbroke,-27.345,153.562,2011-06-06T10:00:00Z,2011,6,6,10:00:00,7351,0,101,2755,329014,0,2450,0,0
4,Maria Island,-42.59667,148.23333,2011-05-31T11:38:00Z,2011,5,31,11:38:00,220,40,0,9144,297363,0,736,0,0
21,Yongala,-19.30847,147.61842,2011-05-27T10:50:00Z,2011,5,27,10:50:00,8685,0,199,5210,256369,0,2887,0,0
112,Rottnest Island,-32,115.41667,2011-05-27T09:35:00Z,2011,5,27,09:35:00,7156,0,23,6178,394685,0,3849,0,0
58,Port Hacking,-34.11923,151.22667,2011-05-18T09:25:00Z,2011,5,18,09:25:00,5802,0,48,1295,189568,0,3671,0,0
1,Esperance,-33.93333,121.85,2011-05-12T10:10:00Z,2011,5,12,10:10:00,2372,0,0,18446,339539,0,5819,0,0
156,Ningaloo,-21.99,113.779,2011-05-01T08:24:00Z,2011,5,1,08:24:00,3690,0,2786,15344,344015,0,5430,0,0
155,Kangaroo Island,-35.83217,136.44733,2011-04-28T07:35:00Z,2011,4,28,07:35:00,207,0,460,5144,499454,0,2640,0,0
20,Port Hacking,-34.11923,151.22667,2011-04-21T09:36:00Z,2011,4,21,09:36:00,8875,0,887,2670,336356,0,5025,0,0
2,Yongala,-19.30847,147.61842,2011-04-14T11:27:00Z,2011,4,14,11:27:00,63229,0,187,2733,292582,0,6647,0,0
84,North Stradbroke,-27.345,153.562,2011-04-13T09:25:00Z,2011,4,13,09:25:00,14193,0,364,2812,247162,0,4384,0,0
196,Maria Island,-42.59667,148.23333,2011-04-07T10:30:00Z,2011,4,7,10:30:00,13111,27,650,13572,401905,0,3386,0,0
195,Port Hacking,-34.11923,151.22667,2011-03-30T09:33:00Z,2011,3,30,09:33:00,10958,0,1880,2745,316716,0,5715,0,0
19,Maria Island,-42.59667,148.23333,2011-03-29T10:30:00Z,2011,3,29,10:30:00,2648,139,0,30404,612344,0,2613,0,0
113,Rottnest Island,-32,115.41667,2011-03-24T09:35:00Z,2011,3,24,09:35:00,36860,0,0,1225,305900,0,4800,0,0
154,Yongala,-19.30847,147.61842,2011-03-23T10:49:00Z,2011,3,23,10:49:00,6061,0,788,13819,515689,0,3497,0,0
194,North Stradbroke,-27.345,153.562,2011-03-23T10:20:00Z,2011,3,23,10:20:00,876,0,375,14533,317376,0,2063,0,0
33,Kangaroo Island,-35.83217,136.44733,2011-03-20T09:40:00Z,2011,3,20,09:40:00,2810,0,0,3754,456330,0,4768,0,0
104,Port Hacking,-34.11923,151.22667,2011-03-01T09:30:00Z,2011,3,1,09:30:00,10258,40,48,3401,396079,0,4238,0,0
172,Rottnest Island,-32,115.41667,2011-02-24T09:35:00Z,2011,2,24,09:35:00,5074,0,55,4034,189008,0,2626,0,0
171,Maria Island,-42.59667,148.23333,2011-02-23T11:15:00Z,2011,2,23,11:15:00,1360,46,0,4842,231712,0,1245,0,0
193,Kangaroo Island,-35.83217,136.44733,2011-02-23T10:30:00Z,2011,2,23,10:30:00,67201,0,0,4364,302624,0,22834,0,0
192,North Stradbroke,-27.345,153.562,2011-02-21T09:40:00Z,2011,2,21,09:40:00,40237,0,554,3445,282324,0,68277,0,0
170,Yongala,-19.30847,147.61842,2011-02-17T11:30:00Z,2011,2,17,11:30:00,2386,0,24752,5970,318267,0,10505,0,0
103,Ningaloo,-21.99,113.779,2011-02-09T10:15:00Z,2011,2,9,10:15:00,610,0,2486,17529,425068,0,2656,0,0
102,Port Hacking,-34.11923,151.22667,2011-02-04T09:58:00Z,2011,2,4,09:58:00,133777,0,58,3013,387924,0,6204,0,0
127,Rottnest Island,-32,115.41667,2011-01-25T09:10:00Z,2011,1,25,09:10:00,4103,0,438,7114,328384,0,5308,0,0
191,Kangaroo Island,-35.83217,136.44733,2011-01-24T07:40:00Z,2011,1,24,07:40:00,3216,0,0,16583,201056,0,1609,0,0
75,Esperance,-33.93333,121.85,2011-01-20T08:50:00Z,2011,1,20,08:50:00,6252,0,0,4426,394160,0,1174,0,0
168,Maria Island,-42.59667,148.23333,2011-01-19T10:30:00Z,2011,1,19,10:30:00,2074,0,0,13442,388593,0,6435,0,0
126,North Stradbroke,-27.345,153.562,2011-01-19T10:00:00Z,2011,1,19,10:00:00,67540,0,133,1551,378043,0,25714,0,0
148,Yongala,-19.30847,147.61842,2011-01-18T11:30:00Z,2011,1,18,11:30:00,54656,0,860,5436,368080,0,44699,0,0
101,North Stradbroke,-27.345,153.562,2010-12-16T08:30:00Z,2010,12,16,08:30:00,20028,0,3103,1448,315568,0,16914,0,0
125,Rottnest Island,-32,115.41667,2010-12-15T10:20:00Z,2010,12,15,10:20:00,7673,0,80,1759,363789,0,3092,0,0
76,Maria Island,-42.59667,148.23333,2010-12-14T11:05:00Z,2010,12,14,11:05:00,69818,154,0,11085,384613,0,22135,0,0
97,Port Hacking,-34.11923,151.22667,2010-12-14T09:30:00Z,2010,12,14,09:30:00,29508,0,0,6526,480013,0,23878,0,0
69,Kangaroo Island,-35.83217,136.44733,2010-12-14T08:30:00Z,2010,12,14,08:30:00,5811,0,152,3093,253690,0,1264,0,0
123,Yongala,-19.30847,147.61842,2010-12-08T10:45:00Z,2010,12,8,10:45:00,1998,0,71,1716,368714,0,51000,0,0
28,Rottnest Island,-32,115.41667,2010-11-24T11:07:00Z,2010,11,24,11:07:00,992,0,0,2543,459634,0,13256,0,0
96,Kangaroo Island,-35.83217,136.44733,2010-11-21T05:00:00Z,2010,11,21,05:00:00,3116,0,754,12012,460106,0,42108,0,0
147,North Stradbroke,-27.345,153.562,2010-11-16T09:30:00Z,2010,11,16,09:30:00,3812,0,94,3259,181376,0,1647,0,0
100,Port Hacking,-34.11923,151.22667,2010-11-11T09:10:00Z,2010,11,11,09:10:00,4035,0,0,8178,441916,0,5298,0,0
32,Ningaloo,-21.99,113.779,2010-11-08T15:00:00Z,2010,11,8,15:00:00,11790,0,2083,9460,225457,0,10875,0,0
51,Yongala,-19.30847,147.61842,2010-11-01T11:45:00Z,2010,11,1,11:45:00,498,0,0,4229,424320,0,49937,0,0
190,Maria Island,-42.59667,148.23333,2010-10-27T12:50:00Z,2010,10,27,12:50:00,129652,0,0,13701,210765,0,16240,0,0
74,Port Hacking,-34.11923,151.22667,2010-10-20T10:40:00Z,2010,10,20,10:40:00,5417,0,0,4470,424033,0,2374,0,0
189,North Stradbroke,-27.345,153.562,2010-10-18T10:00:00Z,2010,10,18,10:00:00,19141,0,0,2963,329255,0,6679,0,0
188,Port Hacking,-34.11923,151.22667,2010-10-14T10:18:00Z,2010,10,14,10:18:00,2024,0,2597,5122,274663,0,2383,0,0
146,Esperance,-33.93333,121.85,2010-10-13T08:15:00Z,2010,10,13,08:15:00,10245,0,0,11985,450303,0,2515,0,0
187,Maria Island,-42.59667,148.23333,2010-10-01T12:40:00Z,2010,10,1,12:40:00,1329,39,0,3534,162749,0,1836,0,0
17,Rottnest Island,-32,115.41667,2010-09-24T12:22:00Z,2010,9,24,12:22:00,10338,0,0,7560,317280,0,5314,0,0
186,North Stradbroke,-27.345,153.562,2010-09-16T12:45:00Z,2010,9,16,12:45:00,76913,0,0,4086,296348,0,24606,0,0
50,Yongala,-19.30847,147.61842,2010-09-09T11:00:00Z,2010,9,9,11:00:00,1101,0,0,3839,235759,0,823,0,0
124,Port Hacking,-34.11923,151.22667,2010-09-09T09:30:00Z,2010,9,9,09:30:00,67209,0,0,3138,1245682,0,8224,0,0
145,Rottnest Island,-32,115.41667,2010-08-20T14:30:00Z,2010,8,20,14:30:00,1652,0,0,5296,346650,0,2192,0,0
185,Port Hacking,-34.11923,151.22667,2010-08-18T09:30:00Z,2010,8,18,09:30:00,3425,0,0,6559,211432,0,963,0,0
184,North Stradbroke,-27.345,153.562,2010-08-18T08:25:00Z,2010,8,18,08:25:00,35704,0,0,5967,270333,0,13187,0,0
73,Yongala,-19.30847,147.61842,2010-08-17T10:15:00Z,2010,8,17,10:15:00,250,0,90,7450,198025,0,975,0,0
144,Yongala,-19.30847,147.61842,2010-07-29T11:22:00Z,2010,7,29,11:22:00,3271,0,457,2401,388618,0,1029,0,0
31,Rottnest Island,-32,115.41667,2010-07-23T12:02:00Z,2010,7,23,12:02:00,1728,2402,48,3746,403482,0,3895,0,0
16,Maria Island,-42.59667,148.23333,2010-07-22T11:10:00Z,2010,7,22,11:10:00,189,0,0,3567,547321,0,1631,0,0
99,North Stradbroke,-27.345,153.562,2010-07-12T08:45:00Z,2010,7,12,08:45:00,49380,0,83,6570,667438,0,46778,0,0
183,Port Hacking,-34.11923,151.22667,2010-07-02T11:35:00Z,2010,7,2,11:35:00,1159,0,22,5636,222817,0,1002,0,0
72,Esperance,-33.93333,121.85,2010-06-29T10:05:00Z,2010,6,29,10:05:00,5154,0,26,2822,606797,0,2213,0,0
71,North Stradbroke,-27.345,153.562,2010-06-18T12:30:00Z,2010,6,18,12:30:00,76648,0,200,2008,484600,0,35000,0,0
98,Rottnest Island,-32,115.41667,2010-06-17T10:05:00Z,2010,6,17,10:05:00,3692,0,50,5000,450618,0,3811,0,0
70,Maria Island,-42.59667,148.23333,2010-06-15T11:10:00Z,2010,6,15,11:10:00,530,25,0,7258,293505,0,480,0,0
15,Maria Island,-42.59667,148.23333,2010-05-27T11:30:00Z,2010,5,27,11:30:00,618,0,0,4216,302741,0,646,0,0
30,Yongala,-19.30847,147.61842,2010-05-21T12:56:00Z,2010,5,21,12:56:00,87273,0,3277,1109,419853,0,8520,0,0
182,North Stradbroke,-27.345,153.562,2010-05-21T08:21:00Z,2010,5,21,08:21:00,34893,0,11,2527,469101,0,33708,0,0
167,Rottnest Island,-32,115.41667,2010-05-20T10:05:00Z,2010,5,20,10:05:00,2800,2456,25,11224,343884,0,2356,0,0
181,Port Hacking,-34.11923,151.22667,2010-05-11T09:13:00Z,2010,5,11,09:13:00,2100,0,350,13875,231275,0,2675,0,0
166,Maria Island,-42.59667,148.23333,2010-05-05T11:30:00Z,2010,5,5,11:30:00,6472,0,0,2453,393762,0,2195,0,0
29,Kangaroo Island,-35.83217,136.44733,2010-04-20T07:00:00Z,2010,4,20,07:00:00,2372,0,42,3355,429781,0,3140,0,0
165,Rottnest Island,-32,115.41667,2010-04-16T08:30:00Z,2010,4,16,08:30:00,2336,0,51,2716,345202,0,836,0,0
121,Yongala,-19.30847,147.61842,2010-04-13T14:14:00Z,2010,4,13,14:14:00,1454,0,467,6672,297739,0,2636,0,0
26,North Stradbroke,-27.345,153.562,2010-04-12T08:35:00Z,2010,4,12,08:35:00,28245,0,63,2321,234255,0,23730,0,0
95,Maria Island,-42.59667,148.23333,2010-03-30T11:40:00Z,2010,3,30,11:40:00,12957,204,0,2245,198061,0,134694,0,0
49,North Stradbroke,-27.345,153.562,2010-03-23T09:15:00Z,2010,3,23,09:15:00,22746,0,909,1111,245555,0,2828,0,0
94,Esperance,-33.93333,121.85,2010-03-22T09:40:00Z,2010,3,22,09:40:00,1647,0,0,5603,218361,0,1458,0,0
68,Port Hacking,-34.11923,151.22667,2010-03-17T09:05:00Z,2010,3,17,09:05:00,49982,0,337,2204,70104,0,6624,0,0
48,Kangaroo Island,-35.83217,136.44733,2010-03-16T06:00:00Z,2010,3,16,06:00:00,37287,0,1227,15886,382702,0,9445,0,0
67,Rottnest Island,-32,115.41667,2010-03-15T10:00:00Z,2010,3,15,10:00:00,26423,0,0,2718,352581,0,8736,0,0
143,Yongala,-19.30847,147.61842,2010-02-24T10:58:00Z,2010,2,24,10:58:00,3928,0,485,8404,223608,0,1535,0,0
14,North Stradbroke,-27.345,153.562,2010-02-15T09:30:00Z,2010,2,15,09:30:00,20635,0,350,2143,80459,0,5771,0,0
120,North Stradbroke,-27.345,153.562,2010-01-22T09:50:00Z,2010,1,22,09:50:00,3000,0,857,9381,186714,0,5429,0,0
93,Maria Island,-42.59667,148.23333,2010-01-21T10:50:00Z,2010,1,21,10:50:00,370,25,0,1480,316527,0,764,0,0
13,Port Hacking,-34.11923,151.22667,2010-01-20T09:20:00Z,2010,1,20,09:20:00,126129,0,0,9841,433845,0,66463,0,0
92,Yongala,-19.30847,147.61842,2010-01-19T10:45:00Z,2010,1,19,10:45:00,1270,0,370,3069,66297,0,1057,0,0
119,Kangaroo Island,-35.83217,136.44733,2010-01-13T07:00:00Z,2010,1,13,07:00:00,4912,0,0,3504,339308,0,692,0,0
91,Rottnest Island,-32,115.41667,2009-12-22T10:00:00Z,2009,12,22,10:00:00,4895,0,199,4128,178113,0,23826,0,0
27,Esperance,-33.93333,121.85,2009-12-16T09:45:00Z,2009,12,16,09:45:00,20531,0,0,2284,115364,0,531,0,0
46,North Stradbroke,-27.345,153.562,2009-12-16T09:00:00Z,2009,12,16,09:00:00,121038,0,0,6945,453251,0,71488,0,0
162,Kangaroo Island,-35.83217,136.44733,2009-12-16T07:15:00Z,2009,12,16,07:15:00,922,0,0,14292,371079,0,258,0,0
122,Yongala,-19.30847,147.61842,2009-12-15T11:25:00Z,2009,12,15,11:25:00,1657,0,49,1461,84841,0,2704,0,0
164,Maria Island,-42.59667,148.23333,2009-12-07T11:10:00Z,2009,12,7,11:10:00,80000,0,0,2400,296080,0,8800,0,0
64,Port Hacking,-34.11923,151.22667,2009-12-07T09:14:00Z,2009,12,7,09:14:00,5121,0,0,3032,56326,0,526,0,0
142,Yongala,-19.30847,147.61842,2009-11-23T11:45:00Z,2009,11,23,11:45:00,5146,0,990,4797,135128,0,3216,0,0
175,Kangaroo Island,-35.83217,136.44733,2009-11-16T08:30:00Z,2009,11,16,08:30:00,104861,0,0,8860,764854,0,10610,0,0
12,North Stradbroke,-27.345,153.562,2009-11-16T08:20:00Z,2009,11,16,08:20:00,12776,0,400,1760,148040,0,2120,0,0
11,Maria Island,-42.59667,148.23333,2009-11-11T11:30:00Z,2009,11,11,11:30:00,2538,0,0,4501,417445,0,13467,0,0
66,Port Hacking,-34.11923,151.22667,2009-11-11T09:45:00Z,2009,11,11,09:45:00,120601,0,0,7090,426639,0,46034,0,0
118,North Stradbroke,-27.345,153.562,2009-11-02T09:02:00Z,2009,11,2,09:02:00,31066,0,0,9587,374756,0,8540,0,0
141,Rottnest Island,-32,115.41667,2009-10-26T09:53:00Z,2009,10,26,09:53:00,492,43,0,1425,45657,0,646,0,0
140,North Stradbroke,-27.345,153.562,2009-10-22T09:20:00Z,2009,10,22,09:20:00,15645,0,0,3710,483105,0,11025,0,0
117,Port Hacking,-34.11923,151.22667,2009-10-19T09:55:00Z,2009,10,19,09:55:00,49322,0,0,8086,611100,0,28525,0,0
65,North Stradbroke,-27.345,153.562,2009-10-15T10:10:00Z,2009,10,15,10:10:00,89574,0,505,3620,298106,0,75000,0,0
25,Maria Island,-42.59667,148.23333,2009-10-13T11:00:00Z,2009,10,13,11:00:00,210343,0,493,5664,343235,0,13793,0,0
90,Port Hacking,-34.11923,151.22667,2009-10-12T09:28:00Z,2009,10,12,09:28:00,40981,0,0,16144,643893,0,21281,0,0
180,Kangaroo Island,-35.83217,136.44733,2009-10-08T06:00:00Z,2009,10,8,06:00:00,230,0,0,5592,581437,0,438,0,0
10,North Stradbroke,-27.345,153.562,2009-10-07T09:07:00Z,2009,10,7,09:07:00,91914,0,0,11595,428230,0,15486,0,0
163,Port Hacking,-34.11923,151.22667,2009-09-25T08:45:00Z,2009,9,25,08:45:00,141354,0,0,19239,416748,0,212487,0,0
139,Port Hacking,-34.11923,151.22667,2009-09-21T09:17:00Z,2009,9,21,09:17:00,120450,0,0,3567,371261,0,27190,0,0
138,Esperance,-33.93333,121.85,2009-09-17T09:40:00Z,2009,9,17,09:40:00,361,0,0,6237,167421,0,1753,0,0
116,North Stradbroke,-27.345,153.562,2009-09-17T08:30:00Z,2009,9,17,08:30:00,10294,0,384,10136,207915,0,9653,0,0
24,Yongala,-19.30847,147.61842,2009-09-09T10:40:00Z,2009,9,9,10:40:00,75885,0,833,1572,85572,0,18697,0,0
9,Maria Island,-42.59667,148.23333,2009-09-07T11:25:00Z,2009,9,7,11:25:00,3243,34,0,3653,256278,0,1199,0,0
47,Maria Island,-42.59667,148.23333,2009-08-20T11:30:00Z,2009,8,20,11:30:00,10892,1133,34,11548,190343,0,986,0,0
8,Port Hacking,-34.11923,151.22667,2009-08-20T09:19:00Z,2009,8,20,09:19:00,28502,0,0,21002,343049,0,8844,0,0
137,Maria Island,-42.59667,148.23333,2009-07-16T11:36:00Z,2009,7,16,11:36:00,576,0,0,7746,238358,0,3735,0,0
61,Port Hacking,-34.11923,151.22667,2009-07-15T09:15:00Z,2009,7,15,09:15:00,30998,0,0,3660,265000,0,12941,0,0
23,Port Hacking,-34.11923,151.22667,2009-06-24T09:10:00Z,2009,6,24,09:10:00,3299,0,0,14145,318531,0,4153,0,0
43,Esperance,-33.93333,121.85,2009-06-23T09:20:00Z,2009,6,23,09:20:00,2211,0,0,4533,92827,0,649,0,0
115,Kangaroo Island,-35.83217,136.44733,2009-06-02T08:00:00Z,2009,6,2,08:00:00,3262,0,165,6461,185945,0,1713,0,0
179,Maria Island,-42.59667,148.23333,2009-06-01T11:20:00Z,2009,6,1,11:20:00,85,0,0,1411,340118,0,13421,0,0
63,Port Hacking,-34.11923,151.22667,2009-05-19T09:25:00Z,2009,5,19,09:25:00,33332,0,0,9563,232445,0,8308,0,0
7,Esperance,-33.93333,121.85,2009-05-12T12:10:00Z,2009,5,12,12:10:00,11869,0,0,2794,182053,0,1143,0,0
6,Maria Island,-42.59667,148.23333,2009-05-06T11:20:00Z,2009,5,6,11:20:00,541,1207,193,6304,173920,0,908,0,0
62,Port Hacking,-34.11923,151.22667,2009-04-23T09:38:00Z,2009,4,23,09:38:00,3326,0,443,10629,264643,0,26933,0,0
5,Maria Island,-42.59667,148.23333,2009-04-21T11:45:00Z,2009,4,21,11:45:00,57,0,0,31002,348115,0,959,0,0
89,Port Hacking,-34.11923,151.22667,2009-03-19T09:39:00Z,2009,3,19,09:39:00,101499,0,47,3652,288685,0,48507,0,0
136,Port Hacking,-34.11923,151.22667,2009-02-24T09:27:00Z,2009,2,24,09:27:00,29000,0,111,4611,198667,0,2222,0,0
135,Kangaroo Island,-35.83217,136.44733,2009-02-05T14:05:00Z,2009,2,5,14:05:00,674,99,0,6011,259926,0,1312,0,0
178,Kangaroo Island,-35.83217,136.44733,2009-01-15T08:00:00Z,2009,1,15,08:00:00,461,0,0,6504,156026,0,1425,0,0
