NRS_TRIP_CODE,Station,Latitude,Longitude,SampleDateLocal,SampleDepth_m,TSS_MGL,INORGANIC_FRACTION_MG_PER_L,ORGANIC_FRACTION_MG_PER_L,SECCHI_DEPTH_M
NRSKAI20110427,Kangaroo Island,-35.83217,136.44733,2011-04-28 07:35:00,0,1.1,0.6,0.6,(null)
NRSYON20100909,Yongala,-19.30847,147.61842,2010-09-09 11:00:00,0,0.95,0.65,0.3,13
NRSPHB20100316,Port Hacking,-34.11923,151.22667,2010-03-17 09:05:00,0,1.7,1.1,0.6,17.5
NRSNIN20110706,Ningaloo,-21.99,113.779,2011-07-06 11:04:00,0,0.7,0.3,0.4,15.5
NRSMAI20110531,Maria Island,-42.59667,148.23333,2011-05-31 11:38:00,0,0.5,0,0.5,16
NRSMAI20090421,Maria Island,-42.59667,148.23333,2009-04-21 11:45:00,0,2.1,1.6,0.5,15.2
NRSPHB20090623,Port Hacking,-34.11923,151.22667,2009-06-24 09:10:00,0,6.5,5.8,0.7,12
NRSNIN20111107,Ningaloo,-21.99,113.779,2011-11-07 10:00:00,0,0.4,0.2,0.2,18
NRSNSI20111220,North Stradbroke,-27.345,153.562,2011-12-21 09:15:00,0,1,0.6,0.4,18
NRSNSI20110412,North Stradbroke,-27.345,153.562,2011-04-13 09:25:00,0,0.5,0.2,0.3,27
NRSKAI20101120,Kangaroo Island,-35.83217,136.44733,2010-11-21 05:00:00,0,15.3,12.7,2.6,(null)
NRSNSI20120213,North Stradbroke,-27.345,153.562,2012-02-14 08:00:00,0,1.1,0.65,0.45,19
NRSROT20110125,Rottnest Island,-32,115.41667,2011-01-25 09:10:00,0,0.6,0.2,0.4,15.5
NRSMAI20111214,Maria Island,-42.59667,148.23333,2011-12-15 10:35:00,0,0.3,0.1,0.3,9
NRSYON20100224,Yongala,-19.30847,147.61842,2010-02-24 10:58:00,0,1.3,1,0.25,16
NRSMAI20120119,Maria Island,-42.59667,148.23333,2012-01-19 12:00:00,0,0.35,0.15,0.3,15
NRSROT20110224,Rottnest Island,-32,115.41667,2011-02-24 09:35:00,0,0.4,0.2,0.2,18
NRSYON20100413,Yongala,-19.30847,147.61842,2010-04-13 14:14:00,0,1.45,1.2,0.25,13
NRSKAI20111219,Kangaroo Island,-35.83217,136.44733,2011-12-20 09:30:00,0,25.7,21.5,4.2,(null)
NRSNSI20100817,North Stradbroke,-27.345,153.562,2010-08-18 08:25:00,0,2.5,1.9,0.7,20
NRSKAI20110223,Kangaroo Island,-35.83217,136.44733,2011-02-23 10:30:00,0,1.3,0.8,0.5,(null)
NRSNSI20110323,North Stradbroke,-27.345,153.562,2011-03-23 10:20:00,0,0.6,0.3,0.3,27
NRSPHB20110329,Port Hacking,-34.11923,151.22667,2011-03-30 09:33:00,0,0.3,0,0.3,21
NRSDAR20120729_16:30,Darwin,-12.4,130.76805,2012-07-30 02:00:00,0,11.9,10.35,1.55,(null)
NRSNSI20090720,North Stradbroke,-27.345,153.562,2009-07-20 11:07:00,0,(null),(null),(null),19
NRSNSI20120511,North Stradbroke,-27.345,153.562,2012-05-11 10:05:00,0,1.05,0.5,0.6,16
NRSNSI20120620,North Stradbroke,-27.345,153.562,2012-06-20 10:20:00,0,1,0.45,0.6,12
NRSYON20120402,Yongala,-19.30847,147.61842,2012-04-02 10:44:00,0,1.5,1,0.5,14
NRSDAR20121208_23:30,Darwin,-12.4,130.76805,2012-12-09 09:00:00,0,3.75,3.25,0.55,4.5
NRSYON20121129,Yongala,-19.30847,147.61842,2012-11-29 10:40:00,0,1.2,0.55,0.65,16
NRSMAI20121017,Maria Island,-42.59667,148.23333,2012-10-18 10:52:00,0,0.55,0.25,0.35,13
NRSDAR20121029,Darwin,-12.4,130.76805,2012-10-30 07:51:00,0,11.4,8.6,2.8,1.8
NRSESP20121212,Esperance,-33.93333,121.85,2012-12-12 09:10:00,0,0.85,0.35,0.5,11.5
NRSNIN20130209,Ningaloo,-21.99,113.779,2013-02-09 09:22:00,0,0.65,0.25,0.35,23
NRSROT20130125,Rottnest Island,-32,115.41667,2013-01-25 10:10:00,0,0.8,0.45,0.35,14
NRSPHB20121120,Port Hacking,-34.11923,151.22667,2012-11-21 09:30:00,0,0.4,0.05,0.55,12
NRSYON20140122,Yongala,-19.30847,147.61842,2014-01-22 10:00:00,0,1.85,1.35,0.45,13
NRSROT20130423,Rottnest Island,-32,115.41667,2013-04-23 10:38:00,0,0.75,0.35,0.35,16
NRSDAR20130617_15:00,Darwin,-12.4,130.76805,2013-06-18 00:30:00,0,5.4,4.2,1.15,(null)
NRSMAI20130821,Maria Island,-42.59667,148.23333,2013-08-21 11:21:00,0,0.65,0.4,0.25,17
NRSNSI20130520,North Stradbroke,-27.345,153.562,2013-05-20 10:05:00,0,1.1,0.65,0.45,17
NRSDAR20140906_00:30,Darwin,-12.4,130.76805,2014-09-06 10:00:00,0,7.3,6,1.35,7
NRSPHB20140612,Port Hacking,-34.11923,151.22667,2014-06-13 09:20:00,0,0.55,0.2,0.35,15
NRSYON20140717,Yongala,-19.30847,147.61842,2014-07-17 10:28:00,0,1.05,0.75,0.3,16
NRSKAI20140122,Kangaroo Island,-35.83217,136.44733,2014-01-22 15:15:00,0,1.85,1.35,0.55,(null)
NRSROT20140919,Rottnest Island,-32,115.41667,2014-09-19 12:57:00,0,0.85,0.45,0.5,14
NRSMAI20141029,Maria Island,-42.59667,148.23333,2014-10-30 09:27:00,0,0.8,0.4,0.4,18
NRSMAI20141208,Maria Island,-42.59667,148.23333,2014-12-09 10:05:00,0,0.7,0.3,0.4,13
NRSROT20141216,Rottnest Island,-32,115.41667,2014-12-16 09:37:00,0,0.95,0.5,0.45,20
NRSROT20150224,Rottnest Island,-32,115.41667,2015-02-24 10:17:00,0,0.6,0.25,0.35,21
NRSKAI20150408,Kangaroo Island,-35.83217,136.44733,2015-04-09 07:11:00,0,1.05,0.8,0.25,(null)
NRSNSI20160517,North Stradbroke,-27.345,153.562,2016-05-17 10:30:00,0,1.15,0.5,0.65,29
NRSROT20160413,Rottnest Island,-32,115.41667,2016-04-13 09:30:00,0,0.4,0.15,0.25,16
NRSROT20160527,Rottnest Island,-32,115.41667,2016-05-27 09:30:00,0,1.05,0.6,0.45,8.5
NRSYON20160823,Yongala,-19.30847,147.61842,2016-08-23 10:19:00,0,1.1,0.8,0.3,16
NRSMAI20161117,Maria Island,-42.59667,148.23333,2016-11-18 09:10:00,0,2.15,1.1,1.05,20
NRSDAR20160202_0330,Darwin,-12.4,130.76805,2016-02-02 13:00:00,0,(null),(null),(null),1.5
NRSDAR20150803_19:32,Darwin,-12.4,130.76805,2015-08-04 05:02:00,0,(null),(null),(null),(null)
NRSROT20160324,Rottnest Island,-32,115.41667,2016-03-24 09:47:00,0,(null),(null),(null),16
NRSROT20150701,Rottnest Island,-32,115.41667,2015-07-01 09:46:00,0,(null),(null),(null),9.5
NRSDAR20170715_0330,Darwin,-12.4,130.76805,2017-07-15 13:00:00,0,(null),(null),(null),2
NRSMAI20151118,Maria Island,-42.59667,148.23333,2015-11-19 10:45:00,0,(null),(null),(null),9
NRSYON20150804,Yongala,-19.30847,147.61842,2015-08-04 11:45:00,0,(null),(null),(null),20
NRSMAI20100330,Maria Island,-42.59667,148.23333,2010-03-30 11:40:00,0,(null),(null),(null),18
NRSPHB20150723,Port Hacking,-34.11923,151.22667,2015-07-23 10:07:00,0,(null),(null),(null),16.5
NRSMAI20151001,Maria Island,-42.59667,148.23333,2015-10-01 11:05:00,0,(null),(null),(null),11
NRSROT20170331,Rottnest Island,-32,115.41667,2017-03-31 10:24:00,0,(null),(null),(null),16
NRSPHB20160407,Port Hacking,-34.11923,151.22667,2016-04-08 09:13:00,0,(null),(null),(null),14.5
NRSNSI20101018,North Stradbroke,-27.345,153.562,2010-10-18 10:00:00,0,(null),(null),(null),19
NRSPHB20110619,Port Hacking,-34.11923,151.22667,2011-06-20 09:34:00,0,26.9,23.1,3.8,14
NRSROT20100617,Rottnest Island,-32,115.41667,2010-06-17 10:05:00,0,1,0.7,0.3,15.5
NRSPHB20111117,Port Hacking,-34.11923,151.22667,2011-11-18 09:36:00,0,2.15,1.75,0.4,15
NRSPHB20120517,Port Hacking,-34.11923,151.22667,2012-05-18 09:33:00,0,1.1,0.7,0.45,11
NRSMAI20090506,Maria Island,-42.59667,148.23333,2009-05-06 11:20:00,0,0.7,0.2,0.5,9
NRSROT20100723,Rottnest Island,-32,115.41667,2010-07-23 12:02:00,0,0.7,0.4,0.4,19.5
NRSROT20110923,Rottnest Island,-32,115.41667,2011-09-23 09:40:00,0,0.6,0.3,0.4,21.5
NRSROT20120130,Rottnest Island,-32,115.41667,2012-01-30 11:09:00,0,0.75,0.3,0.4,15
NRSKAI20110718,Kangaroo Island,-35.83217,136.44733,2011-07-19 09:00:00,0,1,0.4,0.6,13.5
NRSPHB20100218,Port Hacking,-34.11923,151.22667,2010-02-19 09:05:00,0,(null),(null),(null),17.5
NRSESP20090623,Esperance,-33.93333,121.85,2009-06-23 09:20:00,0,(null),(null),(null),13
NRSDAR20111005,Darwin,-12.4,130.76805,2011-10-05 09:31:00,0,7.75,6.65,1.15,2.1
NRSPHB20090714,Port Hacking,-34.11923,151.22667,2009-07-15 09:15:00,0,(null),(null),(null),10
NRSESP20100629,Esperance,-33.93333,121.85,2010-06-29 10:05:00,0,1,0.3,0.7,10.7
NRSNSI20110727,North Stradbroke,-27.345,153.562,2011-07-28 09:30:00,0,0.4,0.3,0.1,17
NRSROT20110324,Rottnest Island,-32,115.41667,2011-03-24 09:35:00,0,0.4,0,0.4,13.5
NRSNSI20110623,North Stradbroke,-27.345,153.562,2011-06-23 10:25:00,0,1.3,0.5,0.8,17
NRSYON20110616,Yongala,-19.30847,147.61842,2011-06-16 11:25:00,0,1.65,1.35,0.25,18
NRSROT20110725,Rottnest Island,-32,115.41667,2011-07-25 10:20:00,0,0.8,0.3,0.4,14
NRSNSI20101215,North Stradbroke,-27.345,153.562,2010-12-16 08:30:00,0,1.6,1.4,0.3,21
NRSNSI20090916,North Stradbroke,-27.345,153.562,2009-09-17 08:30:00,0,(null),(null),(null),19
NRSKAI20091215,Kangaroo Island,-35.83217,136.44733,2009-12-16 07:15:00,0,16.9,14.5,2.4,(null)
NRSPHB20100510,Port Hacking,-34.11923,151.22667,2010-05-11 09:13:00,0,2.8,2,0.9,19.5
NRSMAI20101001,Maria Island,-42.59667,148.23333,2010-10-01 12:40:00,0,2.9,2.3,0.6,16
NRSDAR20120417,Darwin,-12.4,130.76805,2012-04-17 09:42:00,0,4.45,2.75,1.1,6
NRSNSI20081217,North Stradbroke,-27.345,153.562,2008-12-17 11:00:00,0,(null),(null),(null),(null)
NRSYON20120424,Yongala,-19.30847,147.61842,2012-04-24 10:50:00,0,1.35,0.85,0.5,17
NRSKAI20081211,Kangaroo Island,-35.83217,136.44733,2008-12-12 06:45:00,0,(null),(null),(null),11.5
NRSDAR20121208_16:30,Darwin,-12.4,130.76805,2012-12-09 02:00:00,0,4.9,4.15,0.8,(null)
NRSDAR20121208_20:00,Darwin,-12.4,130.76805,2012-12-09 05:30:00,0,3.95,3.3,0.7,(null)
NRSYON20121219,Yongala,-19.30847,147.61842,2012-12-19 10:20:00,0,1.15,0.65,0.45,18
NRSPHB20121009,Port Hacking,-34.11923,151.22667,2012-10-10 09:44:00,0,6.45,4.75,1.7,10
NRSDAR20130405,Darwin,-12.4,130.76805,2013-04-05 09:40:00,0,8.8,7.85,0.95,4.5
NRSROT20121219,Rottnest Island,-32,115.41667,2012-12-19 11:48:00,0,0.45,0.25,0.35,18
NRSDAR20140118_03:30,Darwin,-12.4,130.76805,2014-01-18 13:00:00,0,72,68.15,3.9,0.5
NRSYON20140317,Yongala,-19.30847,147.61842,2014-03-17 14:07:00,0,0.75,0.3,0.45,16
NRSDAR20130617_08:00,Darwin,-12.4,130.76805,2013-06-17 17:30:00,0,5.7,4.55,1.2,3.5
NRSNSI20130806,North Stradbroke,-27.345,153.562,2013-08-06 10:15:00,0,1.2,0.6,0.6,23
NRSNSI20130913,North Stradbroke,-27.345,153.562,2013-09-13 10:25:00,0,1.1,0.7,0.4,19
NRSPHB20140211,Port Hacking,-34.11923,151.22667,2014-02-12 09:57:00,0,2.15,1.55,0.6,12
NRSESP20120309,Esperance,-33.93333,121.85,2012-03-09 09:34:00,0,(null),(null),(null),14.5
NRSDAR20140403,Darwin,-12.4,130.76805,2014-04-04 08:03:00,0,60.8,57.4,3.4,4
NRSROT20140122,Rottnest Island,-32,115.41667,2014-01-22 10:10:00,0,0.9,0.5,0.45,15
NRSPHB20140716,Port Hacking,-34.11923,151.22667,2014-07-16 10:00:00,0,0.85,0.35,0.55,20
NRSPHB20140911,Port Hacking,-34.11923,151.22667,2014-09-11 10:13:00,0,2.4,1.65,0.75,14
NRSMAI20140807,Maria Island,-42.59667,148.23333,2014-08-07 12:00:00,0,0.55,0.3,0.35,21
NRSNSI20140917,North Stradbroke,-27.345,153.562,2014-09-17 10:30:00,0,1.55,0.9,0.65,18
NRSNSI20150119,North Stradbroke,-27.345,153.562,2015-01-19 10:35:00,0,1.05,0.1,0.9,27
NRSKAI20141201,Kangaroo Island,-35.83217,136.44733,2014-12-02 06:05:00,0,1.05,0.7,0.35,(null)
NRSMAI20150421,Maria Island,-42.59667,148.23333,2015-04-21 10:50:00,0,0.45,0.2,0.3,19
NRSYON20150324,Yongala,-19.30847,147.61842,2015-03-24 15:15:00,0,1,0.75,0.25,12
NRSKAI20160223,Kangaroo Island,-35.83217,136.44733,2016-02-24 07:55:00,0,1.7,1.05,0.65,(null)
NRSROT20160621,Rottnest Island,-32,115.41667,2016-06-21 09:26:00,0,0.55,0.35,0.2,13
NRSYON20160725,Yongala,-19.30847,147.61842,2016-07-25 10:25:00,0,0.9,0.55,0.35,13
NRSROT20161024,Rottnest Island,-32,115.41667,2016-10-24 09:35:00,0,0.55,0.15,0.35,17.5
NRSDAR20160723,Darwin,-12.4,130.76805,2016-07-24 08:00:00,0,26.25,22.5,3.8,1.5
NRSDAR20160724_0130,Darwin,-12.4,130.76805,2016-07-24 11:01:00,0,28.85,26.15,2.7,2
NRSYON20160927,Yongala,-19.30847,147.61842,2016-09-27 10:33:00,0,0.95,0.55,0.4,11
NRSMAI20170223,Maria Island,-42.59667,148.23333,2017-02-24 08:50:00,0,0.45,0.3,0.15,13
NRSNSI20170217,North Stradbroke,-27.345,153.562,2017-02-17 10:30:00,0,0.8,0.4,0.5,22
NRSYON20161207,Yongala,-19.30847,147.61842,2016-12-07 10:15:00,0,6.45,4.95,1.5,11
NRSYON20170220,Yongala,-19.30847,147.61842,2017-02-20 10:29:00,0,1.25,0.75,0.45,11.5
NRSPHB20161204,Port Hacking,-34.11923,151.22667,2016-12-05 09:45:00,0,0.55,0.2,0.35,16
NRSNSI20170717,North Stradbroke,-27.345,153.562,2017-07-17 11:05:00,0,(null),(null),(null),26
NRSNSI20150907,North Stradbroke,-27.345,153.562,2015-09-07 10:40:00,0,(null),(null),(null),12
NRSDAR20170516,Darwin,-12.4,130.76805,2017-05-17 08:47:00,0,(null),(null),(null),2
NRSMAI20160530,Maria Island,-42.59667,148.23333,2016-05-31 09:45:00,0,(null),(null),(null),20
NRSKAI20130220,Kangaroo Island,-35.83217,136.44733,2013-02-21 07:20:00,0,(null),(null),(null),(null)
NRSMAI20160428,Maria Island,-42.59667,148.23333,2016-04-28 10:47:00,0,(null),(null),(null),12
NRSROT20170523,Rottnest Island,-32,115.41667,2017-05-23 09:53:00,0,(null),(null),(null),13
NRSPHB20150330,Port Hacking,-34.11923,151.22667,2015-03-31 09:32:00,0,(null),(null),(null),24
NRSMAI20151216,Maria Island,-42.59667,148.23333,2015-12-17 09:35:00,0,(null),(null),(null),11
NRSROT20150924,Rottnest Island,-32,115.41667,2015-09-24 10:08:00,0,(null),(null),(null),19
NRSDAR20170203_0630,Darwin,-12.4,130.76805,2017-02-03 16:00:00,0,(null),(null),(null),2.5
NRSPHB20101110,Port Hacking,-34.11923,151.22667,2010-11-11 09:10:00,0,0.7,0.5,0.3,16
NRSPHB20110420,Port Hacking,-34.11923,151.22667,2011-04-21 09:36:00,0,0.6,0.2,0.4,19
NRSKAI20120116,Kangaroo Island,-35.83217,136.44733,2012-01-17 07:00:00,0,1.9,1.2,0.7,(null)
NRSYON20120208,Yongala,-19.30847,147.61842,2012-02-08 10:49:00,0,1.15,0.8,0.1,11
NRSMAI20090716,Maria Island,-42.59667,148.23333,2009-07-16 11:36:00,0,1.3,0.9,0.4,20
NRSNIN20120226,Ningaloo,-21.99,113.779,2012-02-26 09:54:00,0,1.3,0.8,0.1,8
NRSROT20100416,Rottnest Island,-32,115.41667,2010-04-16 08:30:00,0,1.1,0.9,0.3,17.3
NRSMAI20110812,Maria Island,-42.59667,148.23333,2011-08-12 10:55:00,0,0.6,0.2,0.4,21
NRSROT20120221,Rottnest Island,-32,115.41667,2012-02-21 09:40:00,0,0.6,0.25,0.35,20.5
NRSPHB20111018,Port Hacking,-34.11923,151.22667,2011-10-19 09:31:00,0,7.3,6.3,1,11
NRSYON20120112,Yongala,-19.30847,147.61842,2012-01-12 11:30:00,0,1.15,0.8,0.4,9.5
NRSPHB20091206,Port Hacking,-34.11923,151.22667,2009-12-07 09:14:00,0,1.3,1.1,0.2,14
NRSESP20110120,Esperance,-33.93333,121.85,2011-01-20 08:50:00,0,0.5,0.3,0.2,15
NRSPHB20090318,Port Hacking,-34.11923,151.22667,2009-03-19 09:39:00,0,(null),(null),(null),10
NRSPHB20091011,Port Hacking,-34.11923,151.22667,2009-10-12 09:28:00,0,2.4,1.4,1,14
NRSPHB20110228,Port Hacking,-34.11923,151.22667,2011-03-01 09:30:00,0,0.8,0.3,0.5,20.5
NRSKAI20100112,Kangaroo Island,-35.83217,136.44733,2010-01-13 07:00:00,0,2,1,1.1,(null)
NRSMAI20110223,Maria Island,-42.59667,148.23333,2011-02-23 11:15:00,0,0.1,0.1,0.1,23
NRSNSI20110119,North Stradbroke,-27.345,153.562,2011-01-19 10:00:00,0,1.2,0.7,0.5,12
NRSPHB20100817,Port Hacking,-34.11923,151.22667,2010-08-18 09:30:00,0,1.3,0.9,0.4,15
NRSKAI20111115,Kangaroo Island,-35.83217,136.44733,2011-11-15 11:30:00,0,1.35,1,0.35,(null)
NRSDAR20120729_19:30,Darwin,-12.4,130.76805,2012-07-30 05:00:00,0,12.1,9.35,2.75,(null)
NRSNSI20090114,North Stradbroke,-27.345,153.562,2009-01-14 10:30:00,0,(null),(null),(null),(null)
NRSNSI20090416,North Stradbroke,-27.345,153.562,2009-04-16 10:30:00,0,(null),(null),(null),21
NRSNSI20090527,North Stradbroke,-27.345,153.562,2009-05-27 12:03:00,0,(null),(null),(null),4
NRSNSI20090819,North Stradbroke,-27.345,153.562,2009-08-20 08:45:00,0,(null),(null),(null),19
NRSNSI20120806,North Stradbroke,-27.345,153.562,2012-08-06 10:15:00,0,2,1.4,0.6,22
NRSPHB20100413,Port Hacking,-34.11923,151.22667,2010-04-14 09:18:00,0,(null),(null),(null),16.5
NRSKAI20081110,Kangaroo Island,-35.83217,136.44733,2008-11-11 07:00:00,0,(null),(null),(null),(null)
NRSYON20120918,Yongala,-19.30847,147.61842,2012-09-18 11:00:00,0,0.8,0.4,0.45,21
NRSNSI20130123,North Stradbroke,-27.345,153.562,2013-01-23 10:15:00,0,0.8,0.35,0.45,22
NRSROT20120928,Rottnest Island,-32,115.41667,2012-09-28 11:41:00,0,1.1,0.75,0.3,15
NRSROT20121019,Rottnest Island,-32,115.41667,2012-10-19 09:54:00,0,0.7,0.5,0.15,25
NRSNSI20130418,North Stradbroke,-27.345,153.562,2013-04-18 10:05:00,0,0.45,0.3,0.2,34
NRSYON20130131,Yongala,-19.30847,147.61842,2013-01-31 10:15:00,0,1.1,0.45,0.7,15
NRSESP20130314,Esperance,-33.93333,121.85,2013-03-14 09:24:00,0,0.6,0.3,0.3,21
NRSYON20131015,Yongala,-19.30847,147.61842,2013-10-15 11:40:00,0,1.7,1.15,0.55,14
NRSMAI20130924,Maria Island,-42.59667,148.23333,2013-09-24 11:40:00,0,0.7,0.35,0.45,14
NRSDAR20130617_18:30,Darwin,-12.4,130.76805,2013-06-18 04:00:00,0,5.2,4.1,1.1,(null)
NRSROT20130712,Rottnest Island,-32,115.41667,2013-07-12 12:35:00,0,0.8,0.45,0.35,19
NRSESP20130725,Esperance,-33.93333,121.85,2013-07-25 09:57:00,0,0.75,0.4,0.3,14
NRSPHB20130826,Port Hacking,-34.11923,151.22667,2013-08-27 09:30:00,0,1.05,0.55,0.5,17
NRSMAI20140205,Maria Island,-42.59667,148.23333,2014-02-05 11:05:00,0,0.5,0.1,0.45,17
NRSKAI20140313,Kangaroo Island,-35.83217,136.44733,2014-03-13 14:00:00,0,1.3,0.5,0.8,(null)
NRSYON20140624,Yongala,-19.30847,147.61842,2014-06-24 10:53:00,0,1.95,1.65,0.3,16
NRSMAI20140915,Maria Island,-42.59667,148.23333,2014-09-16 09:20:00,0,0.45,0.25,0.2,17
NRSMAI20141127,Maria Island,-42.59667,148.23333,2014-11-28 09:30:00,0,0.4,0.15,0.3,24
NRSPHB20141208,Port Hacking,-34.11923,151.22667,2014-12-09 09:51:00,0,0.75,0.45,0.35,16
NRSDAR20150203_06:30,Darwin,-12.4,130.76805,2015-02-03 16:00:00,0,45.35,42.95,2.4,3
NRSKAI20150909,Kangaroo Island,-35.83217,136.44733,2015-09-09 12:50:00,0,1.3,0.6,0.7,(null)
NRSMAI20160630,Maria Island,-42.59667,148.23333,2016-07-01 09:30:00,0,0.45,0.15,0.3,14
NRSNSI20160822,North Stradbroke,-27.345,153.562,2016-08-22 10:50:00,0,1,0.45,0.6,19
NRSNSI20160920,North Stradbroke,-27.345,153.562,2016-09-20 10:15:00,0,0.8,0.35,0.5,19
NRSROT20161004,Rottnest Island,-32,115.41667,2016-10-04 10:38:00,0,0.7,0.3,0.4,16
NRSKAI20160915,Kangaroo Island,-35.83217,136.44733,2016-09-15 11:18:00,0,0.9,0.45,0.5,(null)
NRSPHB20160719,Port Hacking,-34.11923,151.22667,2016-07-19 10:19:00,0,0.9,0.1,0.8,11
NRSNSI20161116,North Stradbroke,-27.345,153.562,2016-11-16 10:15:00,0,0.55,0.35,0.3,29
NRSYON20161012,Yongala,-19.30847,147.61842,2016-10-12 10:26:00,0,1.25,0.7,0.6,17
NRSYON20161108,Yongala,-19.30847,147.61842,2016-11-08 10:50:00,0,1.45,0.9,0.6,14
NRSROT20161214,Rottnest Island,-32,115.41667,2016-12-14 09:35:00,0,0.35,0.05,0.35,26
NRSMAI20160303,Maria Island,-42.59667,148.23333,2016-03-04 10:15:00,0,(null),(null),(null),15
NRSNSI20151119,North Stradbroke,-27.345,153.562,2015-11-19 10:24:00,0,(null),(null),(null),20
NRSDAR20170715_0630,Darwin,-12.4,130.76805,2017-07-15 16:00:00,0,(null),(null),(null),2
NRSNSI20091115,North Stradbroke,-27.345,153.562,2009-11-16 08:20:00,0,(null),(null),(null),20
NRSROT20170407,Rottnest Island,-32,115.41667,2017-04-07 09:28:00,0,(null),(null),(null),16
NRSROT20170802,Rottnest Island,-32,115.41667,2017-08-02 09:33:00,0,(null),(null),(null),14
NRSNSI20151027,North Stradbroke,-27.345,153.562,2015-10-27 10:50:00,0,(null),(null),(null),20
NRSMAI20170801,Maria Island,-42.59667,148.23333,2017-08-01 10:01:00,0,(null),(null),(null),21
NRSPHB20151115,Port Hacking,-34.11923,151.22667,2015-11-16 09:33:00,0,(null),(null),(null),12.5
NRSROT20150319,Rottnest Island,-32,115.41667,2015-03-19 11:47:00,0,(null),(null),(null),20
NRSROT20151022,Rottnest Island,-32,115.41667,2015-10-22 09:36:00,0,(null),(null),(null),17
NRSYON20160122,Yongala,-19.30847,147.61842,2016-01-22 10:39:00,0,(null),(null),(null),13
NRSYON20160503,Yongala,-19.30847,147.61842,2016-05-03 10:01:00,0,(null),(null),(null),10
NRSNSI20151216,North Stradbroke,-27.345,153.562,2015-12-16 10:30:00,0,(null),(null),(null),17
NRSPHB20170321,Port Hacking,-34.11923,151.22667,2017-03-22 09:21:00,0,(null),(null),(null),(null)
NRSYON20170426,Yongala,-19.30847,147.61842,2017-04-26 10:20:00,0,(null),(null),(null),13
NRSNSI20100214,North Stradbroke,-27.345,153.562,2010-02-15 09:30:00,0,0.6,0.4,0.2,25
NRSROT20100924,Rottnest Island,-32,115.41667,2010-09-24 12:22:00,0,0.3,0.3,0.1,22
NRSPHB20120212,Port Hacking,-34.11923,151.22667,2012-02-13 10:00:00,0,(null),(null),(null),13.5
NRSYON20100521,Yongala,-19.30847,147.61842,2010-05-21 12:56:00,0,2,1.75,0.3,11
NRSMAI20111005,Maria Island,-42.59667,148.23333,2011-10-05 12:24:00,0,1.1,0.6,0.5,10
NRSPHB20091110,Port Hacking,-34.11923,151.22667,2009-11-11 09:45:00,0,1.2,0,1.2,22
NRSYON20100817,Yongala,-19.30847,147.61842,2010-08-17 10:15:00,0,1.3,1.05,0.25,17
NRSDAR20120115_03:35,Darwin,-12.4,130.76805,2012-01-15 13:05:00,0,(null),(null),(null),1.5
NRSESP20120229,Esperance,-33.93333,121.85,2012-02-29 10:00:00,0,1.85,0.65,0.3,10
NRSKAI20120215,Kangaroo Island,-35.83217,136.44733,2012-02-15 11:50:00,0,12.7,9.75,2.95,15.5
NRSYON20110720,Yongala,-19.30847,147.61842,2011-07-20 11:37:00,0,0.95,0.65,0.4,18
NRSROT20091222,Rottnest Island,-32,115.41667,2009-12-22 10:00:00,0,(null),(null),(null),16.3
NRSMAI20100120,Maria Island,-42.59667,148.23333,2010-01-21 10:50:00,0,1.3,1,0.3,11.5
NRSROT20111221,Rottnest Island,-32,115.41667,2011-12-21 15:45:00,0,5.9,5.05,0.85,21
NRSKAI20090601,Kangaroo Island,-35.83217,136.44733,2009-06-02 08:00:00,0,5.5,4.5,1.1,13.2
NRSPHB20091018,Port Hacking,-34.11923,151.22667,2009-10-19 09:55:00,0,1.7,0,1.6,15
NRSNSI20091101,North Stradbroke,-27.345,153.562,2009-11-02 09:02:00,0,(null),(null),(null),21
NRSESP20111130,Esperance,-33.93333,121.85,2011-11-30 14:38:00,0,0.65,0.35,0.3,14
NRSESP20101013,Esperance,-33.93333,121.85,2010-10-13 08:15:00,0,3.2,2.6,0.6,18
NRSYON20110118,Yongala,-19.30847,147.61842,2011-01-18 11:30:00,0,1.7,1.35,0.35,15
NRSROT20111020,Rottnest Island,-32,115.41667,2011-10-20 12:00:00,0,1.2,0.3,0.9,17
NRSYON20110323,Yongala,-19.30847,147.61842,2011-03-23 10:49:00,0,1.9,1.55,0.4,5.5
NRSYON20110217,Yongala,-19.30847,147.61842,2011-02-17 11:30:00,0,2.15,1.7,0.45,10
NRSYON20110908,Yongala,-19.30847,147.61842,2011-09-08 11:00:00,0,1,0.7,0.3,13
NRSNSI20100520,North Stradbroke,-27.345,153.562,2010-05-21 08:21:00,0,1.4,0.9,0.5,16
NRSKAI20110123,Kangaroo Island,-35.83217,136.44733,2011-01-24 07:40:00,0,4.2,2.6,1.6,(null)
NRSNSI20110220,North Stradbroke,-27.345,153.562,2011-02-21 09:40:00,0,1.1,0.6,0.5,23
NRSNSI20110606,North Stradbroke,-27.345,153.562,2011-06-06 10:00:00,0,0.6,0.4,0.3,22
NRSNSI20110915,North Stradbroke,-27.345,153.562,2011-09-15 11:10:00,0,1.2,0.8,0.5,17
NRSDAR20120730_01:30,Darwin,-12.4,130.76805,2012-07-30 11:00:00,0,7.5,5.45,2.05,4
NRSMAI20120621,Maria Island,-42.59667,148.23333,2012-06-21 11:00:00,0,0.85,0.35,0.5,16
NRSNSI20121017,North Stradbroke,-27.345,153.562,2012-10-17 10:20:00,0,0.8,0.5,0.3,13
NRSKAI20081019,Kangaroo Island,-35.83217,136.44733,2008-10-19 11:15:00,0,(null),(null),(null),(null)
NRSKAI20100721,Kangaroo Island,-35.83217,136.44733,2010-07-22 07:00:00,0,10,9,1,(null)
NRSROT20120824,Rottnest Island,-32,115.41667,2012-08-24 11:06:00,0,0.6,0.25,0.3,18
NRSNSI20130111,North Stradbroke,-27.345,153.562,2013-01-11 10:40:00,0,1.25,0.7,0.55,14
NRSNIN20121107,Ningaloo,-21.99,113.779,2012-11-07 12:00:00,0,0.55,0.5,0.1,14.5
NRSDAR20140117_19:50,Darwin,-12.4,130.76805,2014-01-18 05:20:00,0,52.5,48.4,4.1,(null)
NRSYON20131114,Yongala,-19.30847,147.61842,2013-11-14 10:32:00,0,1.1,0.65,0.4,11
NRSYON20140220,Yongala,-19.30847,147.61842,2014-02-20 10:48:00,0,1.75,1.25,0.55,10
NRSPHB20130319,Port Hacking,-34.11923,151.22667,2013-03-20 09:27:00,0,1.05,0.5,0.55,23.5
NRSPHB20130422,Port Hacking,-34.11923,151.22667,2013-04-23 09:32:00,0,0.45,0,0.5,17
NRSNIN20130509,Ningaloo,-21.99,113.779,2013-05-09 10:20:00,0,1.25,0.85,0.45,12
NRSROT20130517,Rottnest Island,-32,115.41667,2013-05-17 10:00:00,0,1.1,0.5,0.6,12
NRSYON20130611,Yongala,-19.30847,147.61842,2013-06-11 13:34:00,0,2.2,1.7,0.5,11
NRSPHB20130611,Port Hacking,-34.11923,151.22667,2013-06-12 09:55:00,0,0.8,0.55,0.2,17
NRSYON20130808,Yongala,-19.30847,147.61842,2013-08-08 10:58:00,0,1.1,0.8,0.35,22
NRSNSI20130819,North Stradbroke,-27.345,153.562,2013-08-19 10:10:00,0,0.9,0.35,0.55,13
NRSYON20130912,Yongala,-19.30847,147.61842,2013-09-12 11:26:00,0,2.35,1.05,1.35,11
NRSPHB20131027,Port Hacking,-34.11923,151.22667,2013-10-28 10:17:00,0,1,0.15,0.85,15.5
NRSMAI20131217,Maria Island,-42.59667,148.23333,2013-12-17 11:05:00,0,1.1,0.55,0.55,16
NRSNSI20140213,North Stradbroke,-27.345,153.562,2014-02-13 10:20:00,0,0.5,0.4,0.1,30
NRSNSI20140306,North Stradbroke,-27.345,153.562,2014-03-06 10:15:00,0,1.15,0.6,0.65,20
NRSROT20140227,Rottnest Island,-32,115.41667,2014-02-27 12:39:00,0,0.55,0.25,0.3,21
NRSDAR20140702,Darwin,-12.4,130.76805,2014-07-03 09:08:00,0,22.85,20.2,2.65,2
NRSPHB20140515,Port Hacking,-34.11923,151.22667,2014-05-16 09:35:00,0,0.25,0.2,0.1,22.5
NRSROT20140319,Rottnest Island,-32,115.41667,2014-03-19 12:30:00,0,0.6,0.25,0.35,24
NRSYON20140527,Yongala,-19.30847,147.61842,2014-05-27 12:12:00,0,1.4,1.1,0.25,16
NRSYON20140910,Yongala,-19.30847,147.61842,2014-09-10 10:35:00,0,1.15,0.75,0.4,18
NRSROT20141014,Rottnest Island,-32,115.41667,2014-10-14 11:52:00,0,0.6,0.2,0.4,20
NRSNSI20140901,North Stradbroke,-27.345,153.562,2014-09-01 10:10:00,0,0.9,0.35,0.6,26
NRSMAI20140821,Maria Island,-42.59667,148.23333,2014-08-21 11:50:00,0,0.5,0.25,0.25,20
NRSDAR20140906_06:30,Darwin,-12.4,130.76805,2014-09-06 16:00:00,0,4.4,3.25,1.25,5
NRSNSI20141107,North Stradbroke,-27.345,153.562,2014-11-07 10:35:00,0,1.1,0.55,0.55,22
NRSNSI20141223,North Stradbroke,-27.345,153.562,2014-12-23 10:35:00,0,2.5,1.55,0.95,15
NRSPHB20141112,Port Hacking,-34.11923,151.22667,2014-11-13 09:36:00,0,0.7,0.25,0.45,16
NRSDAR20150203_00:30,Darwin,-12.4,130.76805,2015-02-03 10:00:00,0,21.9,19.55,2.35,3
NRSPHB20150225,Port Hacking,-34.11923,151.22667,2015-02-26 09:37:00,0,0.55,0.25,0.3,17
NRSMAI20150224,Maria Island,-42.59667,148.23333,2015-02-25 10:20:00,0,0.35,0.15,0.2,17
NRSYON20141014,Yongala,-19.30847,147.61842,2014-10-14 12:02:00,0,1.35,0.75,0.55,9
NRSYON20141209,Yongala,-19.30847,147.61842,2014-12-09 10:04:00,0,0.7,0.25,0.4,18
NRSKAI20160525,Kangaroo Island,-35.83217,136.44733,2016-05-26 07:35:00,0,1,0.75,0.3,11.5
NRSNSI20170117,North Stradbroke,-27.345,153.562,2017-01-17 10:30:00,0,0.85,0.5,0.35,25
NRSDAR20170203_0330,Darwin,-12.4,130.76805,2017-02-03 13:00:00,0,(null),(null),(null),2.5
NRSYON20150923,Yongala,-19.30847,147.61842,2015-09-23 13:11:00,0,(null),(null),(null),25
NRSNSI20150817,North Stradbroke,-27.345,153.562,2015-08-17 10:30:00,0,(null),(null),(null),21
NRSPHB20160201,Port Hacking,-34.11923,151.22667,2016-02-02 10:52:00,0,(null),(null),(null),16
NRSDAR20150803_22:30,Darwin,-12.4,130.76805,2015-08-04 08:00:00,0,(null),(null),(null),2.2
NRSPHB20151013,Port Hacking,-34.11923,151.22667,2015-10-14 09:42:00,0,(null),(null),(null),19
NRSDAR20160201_2130,Darwin,-12.4,130.76805,2016-02-02 07:00:00,0,(null),(null),(null),1.5
NRSPHB20170517,Port Hacking,-34.11923,151.22667,2017-05-18 09:45:00,0,(null),(null),(null),19
NRSMAI20170601,Maria Island,-42.59667,148.23333,2017-06-02 09:00:00,0,(null),(null),(null),17
NRSYON20170705,Yongala,-19.30847,147.61842,2017-07-05 10:21:00,0,(null),(null),(null),13
NRSDAR20170202_2130,Darwin,-12.4,130.76805,2017-02-03 07:00:00,0,(null),(null),(null),2.5
NRSROT20170428,Rottnest Island,-32,115.41667,2017-04-28 09:52:00,0,(null),(null),(null),20
NRSPHB20170614,Port Hacking,-34.11923,151.22667,2017-06-15 08:52:00,0,(null),(null),(null),16
NRSYON20160321,Yongala,-19.30847,147.61842,2016-03-21 10:31:00,0,(null),(null),(null),12
NRSMAI20110328,Maria Island,-42.59667,148.23333,2011-03-29 10:30:00,0,(null),(null),(null),12
NRSMAI20110118,Maria Island,-42.59667,148.23333,2011-01-19 10:30:00,0,(null),(null),(null),10
NRSDAR20170715_0030,Darwin,-12.4,130.76805,2017-07-15 10:00:00,0,(null),(null),(null),2
NRSPHB20170716,Port Hacking,-34.11923,151.22667,2017-07-17 09:42:00,0,(null),(null),(null),18.5
NRSNSI20150624,North Stradbroke,-27.345,153.562,2015-06-24 10:30:00,0,(null),(null),(null),16.5
NRSROT20150827,Rottnest Island,-32,115.41667,2015-08-27 11:15:00,0,(null),(null),(null),19
NRSROT20150507,Rottnest Island,-32,115.41667,2015-05-07 09:36:00,0,(null),(null),(null),18
NRSYON20170322,Yongala,-19.30847,147.61842,2017-03-22 12:00:00,0,(null),(null),(null),20
NRSNSI20100411,North Stradbroke,-27.345,153.562,2010-04-12 08:35:00,0,1.1,0.7,0.4,19
NRSYON20111213,Yongala,-19.30847,147.61842,2011-12-13 12:55:00,0,1.25,1,0.25,5.5
NRSESP20110512,Esperance,-33.93333,121.85,2011-05-12 10:10:00,0,0.7,0.3,0.4,12
NRSYON20110414,Yongala,-19.30847,147.61842,2011-04-14 11:27:00,0,1.25,0.85,0.4,16
NRSESP20091216,Esperance,-33.93333,121.85,2009-12-16 09:45:00,0,(null),(null),(null),13.2
NRSKAI20100419,Kangaroo Island,-35.83217,136.44733,2010-04-20 07:00:00,0,9,7.8,1.2,(null)
NRSKAI20110319,Kangaroo Island,-35.83217,136.44733,2011-03-20 09:40:00,0,2,1,1.1,(null)
NRSMAI20100615,Maria Island,-42.59667,148.23333,2010-06-15 11:10:00,0,1,0.7,0.3,21
NRSMAI20101214,Maria Island,-42.59667,148.23333,2010-12-14 11:05:00,0,0.6,0.3,0.3,11
NRSYON20101208,Yongala,-19.30847,147.61842,2010-12-08 10:45:00,0,4.65,3.9,0.8,17.5
NRSROT20101215,Rottnest Island,-32,115.41667,2010-12-15 10:20:00,0,0.8,0.5,0.3,20.5
NRSKAI20090205,Kangaroo Island,-35.83217,136.44733,2009-02-05 14:05:00,0,(null),(null),(null),17.8
NRSESP20090917,Esperance,-33.93333,121.85,2009-09-17 09:40:00,0,1.3,0.9,0.4,11.5
NRSPHB20100609,Port Hacking,-34.11923,151.22667,2010-06-09 10:53:00,0,0.6,0,0.6,20.5
NRSMAI20091207,Maria Island,-42.59667,148.23333,2009-12-07 11:10:00,0,0.3,0,0.3,14
NRSROT20110622,Rottnest Island,-32,115.41667,2011-06-22 10:00:00,0,0.4,0.2,0.2,12
NRSYON20091123,Yongala,-19.30847,147.61842,2009-11-23 11:45:00,0,4.7,3.25,1.55,14
NRSNSI20101115,North Stradbroke,-27.345,153.562,2010-11-16 09:30:00,0,1,0.6,0.4,16
NRSKAI20090114,Kangaroo Island,-35.83217,136.44733,2009-01-15 08:00:00,0,(null),(null),(null),13.5
NRSKAI20091007,Kangaroo Island,-35.83217,136.44733,2009-10-08 06:00:00,0,0.3,0.1,0.3,(null)
NRSPHB20100702,Port Hacking,-34.11923,151.22667,2010-07-02 11:35:00,0,0.7,0.5,0.2,13.5
NRSMAI20110407,Maria Island,-42.59667,148.23333,2011-04-07 10:30:00,0,0.1,0,0.1,17
NRSNSI20090618,North Stradbroke,-27.345,153.562,2009-06-18 13:30:00,0,(null),(null),(null),11
NRSYON20120604,Yongala,-19.30847,147.61842,2012-06-04 10:30:00,0,0.9,0.5,0.4,15
NRSYON20120726,Yongala,-19.30847,147.61842,2012-07-26 11:00:00,0,1,0.4,0.6,14
NRSYON20120816,Yongala,-19.30847,147.61842,2012-08-16 00:00:00,0,0.7,0.5,0.25,18
NRSNIN20120827,Ningaloo,-21.99,113.779,2012-08-27 08:05:00,0,0.5,0.2,0.3,20
NRSROT20120523,Rottnest Island,-32,115.41667,2012-05-23 12:22:00,0,2.75,0.85,1.95,14
NRSMAI20121002,Maria Island,-42.59667,148.23333,2012-10-02 10:15:00,0,0.4,0.05,0.3,15
NRSDAR20121209_03:00,Darwin,-12.4,130.76805,2012-12-09 12:30:00,0,4.1,3.25,0.8,5
NRSROT20121126,Rottnest Island,-32,115.41667,2012-11-26 11:02:00,0,0.6,0.3,0.3,22
NRSNSI20130326,North Stradbroke,-27.345,153.562,2013-03-26 11:10:00,0,1.2,0.55,0.7,13
NRSYON20130220,Yongala,-19.30847,147.61842,2013-02-20 10:42:00,0,1.35,0.95,0.4,19
NRSYON20130416,Yongala,-19.30847,147.61842,2013-04-16 11:35:00,0,1.85,1.3,0.55,11
NRSPHB20130227,Port Hacking,-34.11923,151.22667,2013-02-28 08:03:00,0,0.45,0.2,0.25,11
NRSNSI20131212,North Stradbroke,-27.345,153.562,2013-12-12 10:20:00,0,1.45,0.8,0.65,9
NRSDAR20140117_21:30,Darwin,-12.4,130.76805,2014-01-18 07:00:00,0,55.15,53.85,1.3,0.5
NRSROT20130221,Rottnest Island,-32,115.41667,2013-02-21 12:55:00,0,0.55,0.2,0.35,22
NRSROT20130321,Rottnest Island,-32,115.41667,2013-03-21 11:34:00,0,0.6,0.25,0.35,23.5
NRSMAI20130611,Maria Island,-42.59667,148.23333,2013-06-11 11:55:00,0,0.6,0.3,0.3,21
NRSYON20130719,Yongala,-19.30847,147.61842,2013-07-19 11:08:00,0,1.7,1.25,0.5,14
NRSPHB20140120,Port Hacking,-34.11923,151.22667,2014-01-21 09:43:00,0,0.8,0.3,0.55,10
NRSNSI20140507,North Stradbroke,-27.345,153.562,2014-05-07 10:25:00,0,1.05,0.65,0.4,17
NRSPHB20140427,Port Hacking,-34.11923,151.22667,2014-04-28 09:38:00,0,0.9,0.6,0.35,16
NRSPHB20140824,Port Hacking,-34.11923,151.22667,2014-08-25 09:57:00,0,5.15,4.1,1.1,12.5
NRSROT20140519,Rottnest Island,-32,115.41667,2014-05-19 12:22:00,0,0.85,0.4,0.45,10
NRSYON20140820,Yongala,-19.30847,147.61842,2014-08-20 11:15:00,0,1.75,1.15,0.55,14
NRSKAI20140713,Kangaroo Island,-35.83217,136.44733,2014-07-13 16:13:00,0,1.3,0.75,0.55,(null)
NRSROT20140902,Rottnest Island,-32,115.41667,2014-09-02 11:55:00,0,0.75,0.3,0.45,12
NRSNSI20141020,North Stradbroke,-27.345,153.562,2014-10-20 10:45:00,0,1,0.4,0.65,22
NRSDAR20140906_03:30,Darwin,-12.4,130.76805,2014-09-06 13:00:00,0,2.45,1.75,0.75,5.5
NRSKAI20141029,Kangaroo Island,-35.83217,136.44733,2014-10-29 11:00:00,0,1.2,0.9,0.3,(null)
NRSDAR20150316,Darwin,-12.4,130.76805,2015-03-17 08:35:00,0,10.9,8.95,1.95,4
NRSMAI20160720,Maria Island,-42.59667,148.23333,2016-07-21 09:30:00,0,0.8,0.45,0.4,14
NRSPHB20160502,Port Hacking,-34.11923,151.22667,2016-05-03 09:14:00,0,0.5,0.1,0.4,14
NRSMAI20160831,Maria Island,-42.59667,148.23333,2016-08-31 10:26:00,0,0.4,0.2,0.25,16
NRSROT20160502,Rottnest Island,-32,115.41667,2016-05-02 09:44:00,0,0.6,0.25,0.4,16
NRSDAR20160724_0730,Darwin,-12.4,130.76805,2016-07-24 17:00:00,0,23.05,19.65,3.45,2.5
NRSNSI20161215,North Stradbroke,-27.345,153.562,2016-12-15 10:15:00,0,1.3,0.7,0.6,15
NRSMAI20170104,Maria Island,-42.59667,148.23333,2017-01-05 09:45:00,0,0.45,0,0.4,12
NRSROT20161114,Rottnest Island,-32,115.41667,2016-11-14 09:45:00,0,0.5,0.15,0.35,17.5
NRSKAI20161118,Kangaroo Island,-35.83217,136.44733,2016-11-18 12:45:00,0,2,1.4,0.65,0
NRSDAR20161107,Darwin,-12.4,130.76805,2016-11-08 08:11:00,0,7.4,5.6,1.8,2.5
NRSKAI20170315,Kangaroo Island,-35.83217,136.44733,2017-03-15 12:27:00,0,13.2,10.45,2.75,0
NRSDAR20160202_0630,Darwin,-12.4,130.76805,2016-02-02 16:00:00,0,(null),(null),(null),2
NRSYON20170528,Yongala,-19.30847,147.61842,2017-05-29 08:11:00,0,(null),(null),(null),13
NRSMAI20160321,Maria Island,-42.59667,148.23333,2016-03-22 10:11:00,0,(null),(null),(null),23
NRSKAI20170518,Kangaroo Island,-35.83217,136.44733,2017-05-18 11:15:00,0,(null),(null),(null),(null)
NRSYON20150825,Yongala,-19.30847,147.61842,2015-08-25 10:45:00,0,(null),(null),(null),16
NRSDAR20170714_2130,Darwin,-12.4,130.76805,2017-07-15 07:00:00,0,(null),(null),(null),2.5
NRSROT20150724,Rottnest Island,-32,115.41667,2015-07-24 09:20:00,0,(null),(null),(null),24
NRSPHB20111206,Port Hacking,-34.11923,151.22667,2011-12-07 09:30:00,0,2.05,1.75,0.3,15
NRSPHB20090422,Port Hacking,-34.11923,151.22667,2009-04-23 09:38:00,0,16.2,13.1,3.1,13.25
NRSYON20100729,Yongala,-19.30847,147.61842,2010-07-29 11:22:00,0,1.35,1.05,0.3,20
NRSESP20090512,Esperance,-33.93333,121.85,2009-05-12 12:10:00,0,(null),(null),(null),14
NRSMAI20090907,Maria Island,-42.59667,148.23333,2009-09-07 11:25:00,0,15.9,13.1,2.8,17
NRSNSI20091006,North Stradbroke,-27.345,153.562,2009-10-07 09:07:00,0,(null),(null),(null),17
NRSYON20110527,Yongala,-19.30847,147.61842,2011-05-27 10:50:00,0,1.45,1,0.4,13
NRSNSI20100322,North Stradbroke,-27.345,153.562,2010-03-23 09:15:00,0,0.8,0.5,0.4,18
NRSYON20101101,Yongala,-19.30847,147.61842,2010-11-01 11:45:00,0,1.1,0.95,0.15,15
NRSPHB20110517,Port Hacking,-34.11923,151.22667,2011-05-18 09:25:00,0,0.9,0.5,0.4,14.5
NRSNSI20111013,North Stradbroke,-27.345,153.562,2011-10-13 10:30:00,0,13.1,11.2,1.9,21
NRSPHB20110203,Port Hacking,-34.11923,151.22667,2011-02-04 09:58:00,0,1.1,0.7,0.4,18
NRSROT20110826,Rottnest Island,-32,115.41667,2011-08-26 09:43:00,0,1.1,0.7,0.4,12.5
NRSNSI20110816,North Stradbroke,-27.345,153.562,2011-08-16 10:00:00,0,2,0.4,1.6,23
NRSNSI20111116,North Stradbroke,-27.345,153.562,2011-11-16 10:00:00,0,0.6,0.3,0.35,12
NRSNSI20091021,North Stradbroke,-27.345,153.562,2009-10-22 09:20:00,0,(null),(null),(null),20
NRSYON20111027,Yongala,-19.30847,147.61842,2011-10-27 13:44:00,0,1.65,0.9,0.75,21
NRSMAI20100505,Maria Island,-42.59667,148.23333,2010-05-05 11:30:00,0,2.2,1.5,0.8,36
NRSPHB20110717,Port Hacking,-34.11923,151.22667,2011-07-18 09:38:00,0,1.6,1.1,0.5,10
NRSPHB20120717,Port Hacking,-34.11923,151.22667,2012-07-17 10:00:00,0,0.5,0.3,0.3,12.5
NRSKAI20100215,Kangaroo Island,-35.83217,136.44733,2010-02-16 06:30:00,0,(null),(null),(null),19.2
NRSROT20120727,Rottnest Island,-32,115.41667,2012-07-27 09:55:00,0,0.6,0.2,0.35,17
NRSESP20120612,Esperance,-33.93333,121.85,2012-06-12 09:24:00,0,0.7,0.35,0.35,12
NRSESP20120910,Esperance,-33.93333,121.85,2012-09-10 12:51:00,0,0.85,0.3,0.6,13
NRSPHB20120821,Port Hacking,-34.11923,151.22667,2012-08-22 09:19:00,0,1.65,1,0.7,16
NRSMAI20121112,Maria Island,-42.59667,148.23333,2012-11-13 10:45:00,0,0.65,0.15,0.4,10
NRSMAI20130129,Maria Island,-42.59667,148.23333,2013-01-30 10:33:00,0,0.6,0.2,0.4,10
NRSPHB20121218,Port Hacking,-34.11923,151.22667,2012-12-19 09:31:00,0,1.6,1.25,0.35,9
NRSDAR20140118_00:30,Darwin,-12.4,130.76805,2014-01-18 10:00:00,0,100.7,97.15,3.55,0.5
NRSNSI20130706,North Stradbroke,-27.345,153.562,2013-07-07 09:40:00,0,0.9,0.6,0.35,23
NRSROT20131218,Rottnest Island,-32,115.41667,2013-12-18 10:43:00,0,0.55,0.25,0.25,17
NRSNSI20140404,North Stradbroke,-27.345,153.562,2014-04-04 10:45:00,0,1.05,0.6,0.45,30
NRSPHB20140317,Port Hacking,-34.11923,151.22667,2014-03-18 09:48:00,0,0.75,0.45,0.3,19.5
NRSMAI20140516,Maria Island,-42.59667,148.23333,2014-05-16 10:20:00,0,0.7,0.3,0.45,13
NRSMAI20140619,Maria Island,-42.59667,148.23333,2014-06-19 11:30:00,0,0.5,0.2,0.4,18
NRSKAI20140507,Kangaroo Island,-35.83217,136.44733,2014-05-07 13:45:00,0,3.05,2.2,0.85,(null)
NRSYON20140501,Yongala,-19.30847,147.61842,2014-05-01 11:25:00,0,1.05,0.65,0.4,16
NRSMAI20140318,Maria Island,-42.59667,148.23333,2014-03-19 10:55:00,0,0.45,0.1,0.4,14
NRSROT20141119,Rottnest Island,-32,115.41667,2014-11-19 10:16:00,0,0.9,0.5,0.45,17
NRSDAR20141130,Darwin,-12.4,130.76805,2014-12-01 07:18:00,0,6.85,5.15,1.7,2.5
NRSROT20150128,Rottnest Island,-32,115.41667,2015-01-28 10:15:00,0,0.75,0.3,0.45,21.5
NRSMAI20150312,Maria Island,-42.59667,148.23333,2015-03-13 09:33:00,0,0.6,0.2,0.45,15
NRSNSI20150304,North Stradbroke,-27.345,153.562,2015-03-04 10:30:00,0,1.95,1.55,0.45,27
NRSKAI20150224,Kangaroo Island,-35.83217,136.44733,2015-02-25 08:55:00,0,3.8,2.9,0.95,(null)
NRSNSI20160623,North Stradbroke,-27.345,153.562,2016-06-23 10:30:00,0,1.1,0.65,0.55,15
NRSPHB20160615,Port Hacking,-34.11923,151.22667,2016-06-15 11:06:00,0,0.75,0.35,0.4,17
NRSNSI20161019,North Stradbroke,-27.345,153.562,2016-10-20 09:40:00,0,0.7,0.25,0.45,19
NRSPHB20170205,Port Hacking,-34.11923,151.22667,2017-02-06 10:49:00,0,0.7,0.2,0.55,11
NRSMAI20170323,Maria Island,-42.59667,148.23333,2017-03-24 09:30:00,0,0.45,0.2,0.25,19
NRSROT20170120,Rottnest Island,-32,115.41667,2017-01-20 10:20:00,0,0.35,0.05,0.3,20
NRSYON20151111,Yongala,-19.30847,147.61842,2015-11-11 10:45:00,0,(null),(null),(null),15
NRSNSI20160318,North Stradbroke,-27.345,153.562,2016-03-18 10:30:00,0,(null),(null),(null),23
NRSROT20160722,Rottnest Island,-32,115.41667,2016-07-22 13:20:00,0,(null),(null),(null),23.5
NRSNSI20170627,North Stradbroke,-27.345,153.562,2017-06-27 10:20:00,0,(null),(null),(null),16
NRSYON20120615,Yongala,-19.30847,147.61842,2012-06-15 10:41:00,0,(null),(null),(null),20
NRSYON20151027,Yongala,-19.30847,147.61842,2015-10-27 10:10:00,0,(null),(null),(null),12
NRSROT20160223,Rottnest Island,-32,115.41667,2016-02-23 08:57:00,0,(null),(null),(null),17
NRSPHB20170419,Port Hacking,-34.11923,151.22667,2017-04-19 10:00:00,0,(null),(null),(null),17
NRSPHB20151215,Port Hacking,-34.11923,151.22667,2015-12-16 09:35:00,0,(null),(null),(null),16
NRSMAI20170626,Maria Island,-42.59667,148.23333,2017-06-27 09:25:00,0,(null),(null),(null),18
NRSMAI20150723,Maria Island,-42.59667,148.23333,2015-07-23 10:45:00,0,(null),(null),(null),19
NRSNSI20170516,North Stradbroke,-27.345,153.562,2017-05-16 10:20:00,0,(null),(null),(null),21.5
NRSMAI20120412,Maria Island,-42.59667,148.23333,2012-04-12 10:45:00,0,0.35,0.05,0.3,12
NRSPHB20090819,Port Hacking,-34.11923,151.22667,2009-08-20 09:19:00,0,(null),(null),(null),15.5
NRSPHB20100119,Port Hacking,-34.11923,151.22667,2010-01-20 09:20:00,0,1.7,1.1,0.6,15
NRSYON20090909,Yongala,-19.30847,147.61842,2009-09-09 10:40:00,0,8.45,6.8,1.65,9.5
NRSMAI20091013,Maria Island,-42.59667,148.23333,2009-10-13 11:00:00,0,1.7,1.1,0.6,11
NRSPHB20120311,Port Hacking,-34.11923,151.22667,2012-03-12 09:00:00,0,0.55,0.15,0.4,17.5
NRSNSI20091215,North Stradbroke,-27.345,153.562,2009-12-16 09:00:00,0,(null),(null),(null),13.5
NRSESP20110818,Esperance,-33.93333,121.85,2011-08-18 10:20:00,0,1.4,1,0.5,11
NRSDAR20120114_21:30,Darwin,-12.4,130.76805,2012-01-15 07:00:00,0,(null),(null),(null),2
NRSROT20120329,Rottnest Island,-32,115.41667,2012-03-29 10:03:00,0,0.8,0.25,0.5,16.5
NRSYON20110811,Yongala,-19.30847,147.61842,2011-08-11 11:00:00,0,0.9,0.7,0.2,14
NRSNSI20100711,North Stradbroke,-27.345,153.562,2010-07-12 08:45:00,0,1.1,0.7,0.5,18
NRSMAI20120326,Maria Island,-42.59667,148.23333,2012-03-27 10:40:00,0,0.35,0,0.35,22
NRSROT20110527,Rottnest Island,-32,115.41667,2011-05-27 09:35:00,0,0.5,0.2,0.3,13.5
NRSNSI20100121,North Stradbroke,-27.345,153.562,2010-01-22 09:50:00,0,0.8,0.4,0.4,29
NRSPHB20100908,Port Hacking,-34.11923,151.22667,2010-09-09 09:30:00,0,1.2,0.7,0.5,(null)
NRSROT20091026,Rottnest Island,-32,115.41667,2009-10-26 09:53:00,0,0.6,0.2,0.4,15
NRSMAI20111026,Maria Island,-42.59667,148.23333,2011-10-26 11:00:00,0,0.4,0.1,0.3,13
NRSPHB20090924,Port Hacking,-34.11923,151.22667,2009-09-25 08:45:00,0,1.9,1.3,0.6,10.75
NRSROT20100520,Rottnest Island,-32,115.41667,2010-05-20 10:05:00,0,1.2,0.9,0.4,17
NRSROT20111122,Rottnest Island,-32,115.41667,2011-11-22 15:08:00,0,0.85,0.35,0.5,21.5
NRSMAI20110725,Maria Island,-42.59667,148.23333,2011-07-25 12:15:00,0,0.7,0.2,0.5,13
NRSKAI20111026,Kangaroo Island,-35.83217,136.44733,2011-10-26 14:40:00,0,4.4,3.5,0.9,(null)
NRSDAR20120729_22:30,Darwin,-12.4,130.76805,2012-07-30 08:00:00,0,10.65,12.65,0.9,4
NRSMAI20120724,Maria Island,-42.59667,148.23333,2012-07-24 10:50:00,0,0.2,0,0.2,19
NRSNSI20120229,North Stradbroke,-27.345,153.562,2012-03-01 09:45:00,0,1.15,0.55,0.65,16
NRSNSI20120821,North Stradbroke,-27.345,153.562,2012-08-21 10:15:00,0,1.7,1.1,0.6,19
NRSNSI20120912,North Stradbroke,-27.345,153.562,2012-09-12 10:20:00,0,0.8,0.3,0.5,21
NRSROT20120504,Rottnest Island,-32,115.41667,2012-05-04 13:00:00,0,0.75,0.35,0.4,12.5
NRSMAI20130313,Maria Island,-42.59667,148.23333,2013-03-14 10:00:00,0,1.15,0.65,0.5,15
NRSYON20130515,Yongala,-19.30847,147.61842,2013-05-15 10:30:00,0,2,1.55,0.45,13
NRSMAI20130528,Maria Island,-42.59667,148.23333,2013-05-28 10:56:00,0,0.85,0.5,0.35,19
NRSDAR20130617_11:30,Darwin,-12.4,130.76805,2013-06-17 21:00:00,0,6.4,5.4,1,(null)
NRSMAI20130807,Maria Island,-42.59667,148.23333,2013-08-07 11:30:00,0,0.65,0.35,0.35,18
NRSKAI20130827,Kangaroo Island,-35.83217,136.44733,2013-08-28 08:55:00,0,5.2,3.9,1.3,(null)
NRSPHB20130915,Port Hacking,-34.11923,151.22667,2013-09-16 08:15:00,0,1.15,0.6,0.6,12
NRSROT20131001,Rottnest Island,-32,115.41667,2013-10-01 11:55:00,0,0.8,0.35,0.45,13
NRSNSI20131016,North Stradbroke,-27.345,153.562,2013-10-16 10:40:00,0,1.1,0.65,0.45,19
NRSROT20131017,Rottnest Island,-32,115.41667,2013-10-17 08:00:00,0,0.9,0.5,0.4,13
NRSPHB20131020,Port Hacking,-34.11923,151.22667,2013-10-21 09:36:00,0,0.8,0.3,0.55,15
NRSMAI20131117,Maria Island,-42.59667,148.23333,2013-11-18 10:50:00,0,0.75,0.45,0.35,17
NRSMAI20140408,Maria Island,-42.59667,148.23333,2014-04-08 11:03:00,0,0.6,0.3,0.35,15
NRSROT20131122,Rottnest Island,-32,115.41667,2013-11-22 10:26:00,0,0.7,0.35,0.35,15
NRSNSI20140623,North Stradbroke,-27.345,153.562,2014-06-23 10:20:00,0,0.65,0.15,0.5,18
NRSDAR20150203_03:30,Darwin,-12.4,130.76805,2015-02-03 13:00:00,0,13.6,12,1.6,3
NRSNSI20150323,North Stradbroke,-27.345,153.562,2015-03-23 11:40:00,0,1.05,0.35,0.75,18
NRSYON20141120,Yongala,-19.30847,147.61842,2014-11-21 08:48:00,0,1.8,1.3,0.5,12
NRSYON20150119,Yongala,-19.30847,147.61842,2015-01-19 11:25:00,0,3.2,2.25,0.95,15
NRSDAR20150505,Darwin,-12.4,130.76805,2015-05-06 08:24:00,0,27.45,25.55,1.9,1.3
NRSKAI20150629,Kangaroo Island,-35.83217,136.44733,2015-06-30 07:35:00,0,1.4,0.7,0.7,(null)
NRSKAI20151116,Kangaroo Island,-35.83217,136.44733,2015-11-17 09:50:00,0,2.25,1.45,0.8,(null)
NRSDAR20160530,Darwin,-12.4,130.76805,2016-05-31 07:50:00,0,15.2,10.95,4.25,3.5
NRSYON20160624,Yongala,-19.30847,147.61842,2016-06-24 10:00:00,0,5.3,4.25,1.05,19
NRSPHB20160829,Port Hacking,-34.11923,151.22667,2016-08-30 09:20:00,0,0.65,0.1,0.55,15
NRSYON20170120,Yongala,-19.30847,147.61842,2017-01-20 10:00:00,0,1.25,0.75,0.55,18
NRSMAI20170412,Maria Island,-42.59667,148.23333,2017-04-12 10:15:00,0,0.35,0.05,0.35,19
NRSNSI20150731,North Stradbroke,-27.345,153.562,2015-07-31 10:15:00,0,(null),(null),(null),26
NRSDAR20150804_01:30,Darwin,-12.4,130.76805,2015-08-04 11:00:00,0,(null),(null),(null),1.5
NRSYON20160215,Yongala,-19.30847,147.61842,2016-02-15 10:18:00,0,(null),(null),(null),19
NRSYON20150430,Yongala,-19.30847,147.61842,2015-04-30 12:10:00,0,(null),(null),(null),13
NRSYON20150618,Yongala,-19.30847,147.61842,2015-06-18 10:55:00,0,(null),(null),(null),13
NRSNSI20150528,North Stradbroke,-27.345,153.562,2015-05-28 10:15:00,0,(null),(null),(null),19
NRSPHB20160229,Port Hacking,-34.11923,151.22667,2016-03-01 09:00:00,0,(null),(null),(null),13
NRSYON20151203,Yongala,-19.30847,147.61842,2015-12-03 11:00:00,0,(null),(null),(null),15
NRSNIN20101108,Ningaloo,-21.99,113.779,2010-11-08 15:00:00,0,1.3,0.5,0.8,14
NRSPHB20101019,Port Hacking,-34.11923,151.22667,2010-10-20 10:40:00,0,11.9,10.6,1.3,19.5
NRSYON20100119,Yongala,-19.30847,147.61842,2010-01-19 10:45:00,0,1.6,1.3,0.3,14
NRSYON20091215,Yongala,-19.30847,147.61842,2009-12-15 11:25:00,0,1.45,1.05,0.4,11
NRSMAI20091111,Maria Island,-42.59667,148.23333,2009-11-11 11:30:00,0,1.6,1.1,0.5,19
NRSMAI20100527,Maria Island,-42.59667,148.23333,2010-05-27 11:30:00,0,0.8,0.6,0.3,26
NRSMAI20100722,Maria Island,-42.59667,148.23333,2010-07-22 11:10:00,0,0.7,0.5,0.3,22
NRSDAR20110627,Darwin,-12.4,130.76805,2011-06-27 13:48:00,0,1.7,1.5,0.2,8
NRSROT20101124,Rottnest Island,-32,115.41667,2010-11-24 11:07:00,0,0.7,0.4,0.3,17.2
NRSKAI20120415,Kangaroo Island,-35.83217,136.44733,2012-04-15 10:42:00,0,1.5,0.95,0.6,15.5
NRSMAI20090820,Maria Island,-42.59667,148.23333,2009-08-20 11:30:00,0,1.4,0.3,1.1,19
NRSKAI20100315,Kangaroo Island,-35.83217,136.44733,2010-03-16 06:00:00,0,(null),(null),(null),(null)
NRSMAI20120524,Maria Island,-42.59667,148.23333,2012-05-24 11:30:00,0,0.3,0.05,0.25,16
NRSPHB20090518,Port Hacking,-34.11923,151.22667,2009-05-19 09:25:00,0,13.4,10.6,2.7,11.5
NRSNSI20091015,North Stradbroke,-27.345,153.562,2009-10-15 10:10:00,0,(null),(null),(null),12
NRSROT20100315,Rottnest Island,-32,115.41667,2010-03-15 10:00:00,0,0.8,0.4,0.4,18.2
NRSKAI20101213,Kangaroo Island,-35.83217,136.44733,2010-12-14 08:30:00,0,26.2,22.7,3.5,(null)
NRSNSI20100618,North Stradbroke,-27.345,153.562,2010-06-18 12:30:00,0,1.1,0.7,0.4,12.5
NRSMAI20120222,Maria Island,-42.59667,148.23333,2012-02-22 11:00:00,0,0.4,0.15,0.3,15
NRSESP20100322,Esperance,-33.93333,121.85,2010-03-22 09:40:00,0,1.4,0.7,0.7,10.5
NRSPHB20101213,Port Hacking,-34.11923,151.22667,2010-12-14 09:30:00,0,2.1,1.3,0.8,8.5
NRSNIN20110209,Ningaloo,-21.99,113.779,2011-02-09 10:15:00,0,1.5,0.9,0.6,12.5
NRSPHB20090920,Port Hacking,-34.11923,151.22667,2009-09-21 09:17:00,0,1.7,1.2,0.5,16
NRSROT20100820,Rottnest Island,-32,115.41667,2010-08-20 14:30:00,0,1.3,0.9,0.4,20
NRSNIN20110501,Ningaloo,-21.99,113.779,2011-05-01 08:24:00,0,0.9,0.4,0.5,9
NRSDAR20120114_23:35,Darwin,-12.4,130.76805,2012-01-15 09:05:00,0,(null),(null),(null),2
NRSDAR20120115_05:40,Darwin,-12.4,130.76805,2012-01-15 15:10:00,0,(null),(null),(null),1.75
NRSPHB20090223,Port Hacking,-34.11923,151.22667,2009-02-24 09:27:00,0,5,4.2,0.9,17.75
NRSKAI20091115,Kangaroo Island,-35.83217,136.44733,2009-11-16 08:30:00,0,2.1,1,1.1,(null)
NRSMAI20090601,Maria Island,-42.59667,148.23333,2009-06-01 11:20:00,0,1.4,0.3,1.1,17
NRSNSI20100916,North Stradbroke,-27.345,153.562,2010-09-16 12:45:00,0,1,0.7,0.3,13.5
NRSMAI20101027,Maria Island,-42.59667,148.23333,2010-10-27 12:50:00,0,0.7,0.3,0.5,13
NRSPHB20110829,Port Hacking,-34.11923,151.22667,2011-08-29 10:03:00,0,0.7,0.3,0.4,26
NRSPHB20110914,Port Hacking,-34.11923,151.22667,2011-09-15 09:43:00,0,9.75,8.45,1.35,15
NRSMAI20120820,Maria Island,-42.59667,148.23333,2012-08-20 11:15:00,0,0.4,0.15,0.25,15
NRSNSI20090218,North Stradbroke,-27.345,153.562,2009-02-18 10:30:00,0,(null),(null),(null),14
NRSNSI20090318,North Stradbroke,-27.345,153.562,2009-03-18 10:30:00,0,(null),(null),(null),(null)
NRSNIN20120509,Ningaloo,-21.99,113.779,2012-05-09 10:50:00,0,1.05,0.55,0.5,12.5
NRSNSI20121114,North Stradbroke,-27.345,153.562,2012-11-14 10:45:00,0,1.05,0.7,0.4,16.5
NRSYON20121026,Yongala,-19.30847,147.61842,2012-10-26 11:20:00,0,1.5,1,0.5,20
NRSPHB20120917,Port Hacking,-34.11923,151.22667,2012-09-18 09:38:00,0,0.85,0.25,0.65,16.5
NRSMAI20130424,Maria Island,-42.59667,148.23333,2013-04-24 10:50:00,0,0.5,0.25,0.25,15
NRSMAI20130214,Maria Island,-42.59667,148.23333,2013-02-14 11:00:00,0,0.45,0.2,0.25,18
NRSYON20131205,Yongala,-19.30847,147.61842,2013-12-05 11:26:00,0,1.2,0.8,0.45,15
NRSPHB20130514,Port Hacking,-34.11923,151.22667,2013-05-15 09:40:00,0,0.45,0.05,0.4,15
NRSPHB20130725,Port Hacking,-34.11923,151.22667,2013-07-26 09:24:00,0,0.8,0.35,0.45,13
NRSNIN20130806,Ningaloo,-21.99,113.779,2013-08-06 14:03:00,0,1.8,1.35,0.45,22
NRSDAR20130916,Darwin,-12.4,130.76805,2013-09-16 11:26:00,0,6.2,5,1.25,5
NRSNSI20131121,North Stradbroke,-27.345,153.562,2013-11-22 09:55:00,0,1.25,0.75,0.55,18
NRSPHB20131202,Port Hacking,-34.11923,151.22667,2013-12-03 09:30:00,0,0.6,0.3,0.35,18
NRSNSI20140725,North Stradbroke,-27.345,153.562,2014-07-25 10:35:00,0,1,0.35,0.65,17
NRSMAI20140703,Maria Island,-42.59667,148.23333,2014-07-03 11:30:00,0,0.65,0.35,0.35,19
NRSROT20140624,Rottnest Island,-32,115.41667,2014-06-24 13:16:00,0,0.7,0.35,0.3,13
NRSROT20140730,Rottnest Island,-32,115.41667,2014-07-30 10:03:00,0,1.2,0.7,0.5,15
NRSDAR20140906_09:30,Darwin,-12.4,130.76805,2014-09-06 19:00:00,0,3.25,2.55,0.7,(null)
NRSPHB20141021,Port Hacking,-34.11923,151.22667,2014-10-22 09:30:00,0,(null),(null),(null),10
NRSPHB20150121,Port Hacking,-34.11923,151.22667,2015-01-22 09:48:00,0,0.55,0.15,0.45,10
NRSDAR20150202_21:30,Darwin,-12.4,130.76805,2015-02-03 07:00:00,0,20.05,18.1,1.95,2.5
NRSMAI20150526,Maria Island,-42.59667,148.23333,2015-05-26 10:35:00,0,0.35,0.05,0.3,23
NRSYON20150224,Yongala,-19.30847,147.61842,2015-02-24 10:40:00,0,1.2,0.6,0.6,12
NRSNSI20160720,North Stradbroke,-27.345,153.562,2016-07-20 10:30:00,0,0.7,0.3,0.5,25
NRSMAI20160927,Maria Island,-42.59667,148.23333,2016-09-27 10:10:00,0,0.6,0.15,0.4,12
NRSDAR20160724_0430,Darwin,-12.4,130.76805,2016-07-24 14:00:00,0,32.9,28.65,4.2,2
NRSPHB20160926,Port Hacking,-34.11923,151.22667,2016-09-27 09:54:00,0,0.35,0,0.35,16
NRSPHB20161030,Port Hacking,-34.11923,151.22667,2016-10-31 09:35:00,0,0.5,0,0.5,14
NRSNSI20170424,North Stradbroke,-27.345,153.562,2017-04-24 11:00:00,0,1.25,0.75,0.55,22
NRSROT20170303,Rottnest Island,-32,115.41667,2017-03-03 10:30:00,0,0.6,0.25,0.35,15.5
NRSYON20160601,Yongala,-19.30847,147.61842,2016-06-01 10:46:00,0,(null),(null),(null),12
NRSMAI20150811,Maria Island,-42.59667,148.23333,2015-08-12 09:35:00,0,(null),(null),(null),15
NRSNSI20160120,North Stradbroke,-27.345,153.562,2016-01-20 10:30:00,0,(null),(null),(null),28.5
NRSNSI20170829,North Stradbroke,-27.345,153.562,2017-08-29 11:50:00,0,(null),(null),(null),18
NRSROT20170626,Rottnest Island,-32,115.41667,2017-06-26 09:46:00,0,(null),(null),(null),16
NRSNSI20150512,North Stradbroke,-27.345,153.562,2015-05-12 10:15:00,0,(null),(null),(null),21
NRSDAR20170203_0030,Darwin,-12.4,130.76805,2017-02-03 10:00:00,0,(null),(null),(null),2.5
NRSDAR20150804_04:30,Darwin,-12.4,130.76805,2015-08-04 14:00:00,0,(null),(null),(null),1.5
NRSROT20151215,Rottnest Island,-32,115.41667,2015-12-15 08:22:00,0,(null),(null),(null),17.5
NRSPHB20150630,Port Hacking,-34.11923,151.22667,2015-06-30 11:11:00,0,(null),(null),(null),17
NRSNSI20160412,North Stradbroke,-27.345,153.562,2016-04-12 10:45:00,0,(null),(null),(null),16
NRSDAR20151117,Darwin,-12.4,130.76805,2015-11-18 08:16:00,0,(null),(null),(null),2.5
NRSYON20150601,Yongala,-19.30847,147.61842,2015-06-01 12:55:00,0,(null),(null),(null),12
NRSDAR20160202_0030,Darwin,-12.4,130.76805,2016-02-02 10:00:00,0,(null),(null),(null),2
NRSPHB20150819,Port Hacking,-34.11923,151.22667,2015-08-19 10:03:00,0,(null),(null),(null),16.5
NRSMAI20160209,Maria Island,-42.59667,148.23333,2016-02-10 10:45:00,0,(null),(null),(null),18
NRSPHB20150518,Port Hacking,-34.11923,151.22667,2015-05-19 09:43:00,0,(null),(null),(null),11
