NRS_CODE,SAMPLE,STATION,LATITUDE,LONGITUDE,SAMPLEDATE
MAI20090820,1108,Maria Island,-42.59667,148.23333,2009-08-20 11:30:00
MAI20091013,1113,Maria Island,-42.59667,148.23333,2009-10-13 11:00:00
NSI20090318,1087,North Stradbroke,-27.345,153.562,2009-03-18 10:30:00
NSI20090416,1088,North Stradbroke,-27.345,153.562,2009-04-16 10:30:00
MAI20090601,1095,Maria Island,-42.59667,148.23333,2009-06-01 11:20:00
PHB20090714,1102,Port Hacking,-34.11923,151.22667,2009-07-15 09:15:00
NSI20091021,1119,North Stradbroke,-27.345,153.562,2009-10-22 09:20:00
ESP20090623,1123,Esperance,-33.93333,121.85,2009-06-23 09:20:00
ESP20100629,1246,Esperance,-33.93333,121.85,2010-06-29 10:05:00
NSI20100711,1242,North Stradbroke,-27.345,153.562,2010-07-12 08:45:00
ROT20091026,1127,Rottnest Island,-32,115.41667,2009-10-26 09:53:00
YON20100521,1236,Yongala,-19.30847,147.61842,2010-05-21 12:56:00
NSI20100520,1240,North Stradbroke,-27.345,153.562,2010-05-21 08:21:00
YON20100729,1247,Yongala,-19.30847,147.61842,2010-07-29 11:22:00
YON20101101,1293,Yongala,-19.30847,147.61842,2010-11-01 11:45:00
MAI20110407,1356,Maria Island,-42.59667,148.23333,2011-04-07 10:30:00
ROT20100723,1318,Rottnest Island,-32,115.41667,2010-07-23 12:02:00
ROT20100820,1319,Rottnest Island,-32,115.41667,2010-08-20 14:30:00
ROT20100924,1320,Rottnest Island,-32,115.41667,2010-09-24 12:22:00
NIN20101108,1341,Ningaloo,-21.99,113.779,2010-11-08 15:00:00
NSI20120229,1381,North Stradbroke,-27.345,153.562,2012-03-01 09:45:00
ESP20110120,1317,Esperance,-33.93333,121.85,2011-01-20 08:50:00
NSI20131016,3293,North Stradbroke,-27.345,153.562,2013-10-16 10:40:00
MAI20140318,5462,Maria Island,-42.59667,148.23333,2014-03-19 10:55:00
YON20130416,1791,Yongala,-19.30847,147.61842,2013-04-16 11:35:00
NSI20140623,5490,North Stradbroke,-27.345,153.562,2014-06-23 10:20:00
ROT20131218,4935,Rottnest Island,-32,115.41667,2013-12-18 10:43:00
PHB20131202,5519,Port Hacking,-34.11923,151.22667,2013-12-03 09:30:00
NSI20140725,5522,North Stradbroke,-27.345,153.562,2014-07-25 10:35:00
PHB20140120,5523,Port Hacking,-34.11923,151.22667,2014-01-21 09:43:00
ROT20140319,5817,Rottnest Island,-32,115.41667,2014-03-19 12:30:00
DAR20140702,5544,Darwin,-12.4,130.76805,2014-07-03 09:08:00
MAI20150312,7353,Maria Island,-42.59667,148.23333,2015-03-13 09:33:00
YON20150224,7709,Yongala,-19.30847,147.61842,2015-02-24 10:40:00
ROT20150319,7322,Rottnest Island,-32,115.41667,2015-03-19 11:47:00
ROT20150724,8047,Rottnest Island,-32,115.41667,2015-07-24 09:20:00
ROT20150827,8293,Rottnest Island,-32,115.41667,2015-08-27 11:15:00
ROT20151022,8323,Rottnest Island,-32,115.41667,2015-10-22 09:36:00
KAI20110223,1310,Kangaroo Island,-35.83217,136.44733,2011-02-23 10:30:00
ROT20111020,1393,Rottnest Island,-32,115.41667,2011-10-20 12:00:00
ESP20120309,1555,Esperance,-33.93333,121.85,2012-03-09 09:34:00
PHB20120517,1418,Port Hacking,-34.11923,151.22667,2012-05-18 09:33:00
NSI20130806,3026,North Stradbroke,-27.345,153.562,2013-08-06 10:15:00
ROT20111221,1395,Rottnest Island,-32,115.41667,2011-12-21 15:45:00
ROT20130125,1573,Rottnest Island,-32,115.41667,2013-01-25 10:10:00
ROT20140122,5442,Rottnest Island,-32,115.41667,2014-01-22 10:10:00
NSI20120511,1416,North Stradbroke,-27.345,153.562,2012-05-11 10:05:00
NSI20120620,1417,North Stradbroke,-27.345,153.562,2012-06-20 10:20:00
ROT20121126,3241,Rottnest Island,-32,115.41667,2012-11-26 11:02:00
NSI20131121,3292,North Stradbroke,-27.345,153.562,2013-11-22 09:55:00
PHB20121218,1806,Port Hacking,-34.11923,151.22667,2012-12-19 09:31:00
NSI20150731,7764,North Stradbroke,-27.345,153.562,2015-07-31 10:15:00
KAI20160525,8750,Kangaroo Island,-35.83217,136.44733,2016-05-26 07:35:00
ROT20160413,8812,Rottnest Island,-32,115.41667,2016-04-13 09:30:00
MAI20160428,8489,Maria Island,-42.59667,148.23333,2016-04-28 10:47:00
NSI20161019,9256,North Stradbroke,-27.345,153.562,2016-10-20 09:40:00
MAI20160321,8473,Maria Island,-42.59667,148.23333,2016-03-22 10:11:00
NSI20161215,9363,North Stradbroke,-27.345,153.562,2016-12-15 10:15:00
PHB20170205,9607,Port Hacking,-34.11923,151.22667,2017-02-06 10:49:00
NSI20171116,10409,North Stradbroke,-27.345,153.562,2017-11-16 10:30:00
YON20171130,10461,Yongala,-19.30847,147.61842,2017-11-30 10:34:00
ROT20171123,10774,Rottnest Island,-32,115.41667,2017-11-23 10:05:00
YON20170528,10115,Yongala,-19.30847,147.61842,2017-05-29 08:11:00
YON20170724,10145,Yongala,-19.30847,147.61842,2017-07-24 10:45:00
PHB20160926,9502,Port Hacking,-34.11923,151.22667,2016-09-27 09:54:00
MAI20180315,10876,Maria Island,-42.59667,148.23333,2018-03-16 08:45:00
ROT20170120,9730,Rottnest Island,-32,115.41667,2017-01-20 10:20:00
NSI20170717,9945,North Stradbroke,-27.345,153.562,2017-07-17 11:05:00
KAI20171129,10509,Kangaroo Island,-35.83217,136.44733,2017-11-29 14:50:00
ROT20161214,9714,Rottnest Island,-32,115.41667,2016-12-14 09:35:00
ROT20180727,11281,Rottnest Island,-32,115.41667,2018-07-27 09:33:00
MAI20180711,10969,Maria Island,-42.59667,148.23333,2018-07-12 08:40:00
ROT20190221,11685,Rottnest Island,-32,115.41667,2019-02-21 09:30:00
MAI20190828,12102,Maria Island,-42.59667,148.23333,2019-08-29 09:20:00
ROT20190621,11963,Rottnest Island,-32,115.41667,2019-06-21 09:15:00
NSI20190723,12202,North Stradbroke,-27.345,153.562,2019-07-23 10:20:00
NSI20180417,10571,North Stradbroke,-27.345,153.562,2018-04-17 10:15:00
MAI20191015,12618,Maria Island,-42.59667,148.23333,2019-10-16 09:40:00
ROT20180328,10646,Rottnest Island,-32,115.41667,2018-03-28 09:23:00
NSI20180913,11394,North Stradbroke,-27.345,153.562,2018-09-13 10:20:00
PHB20181120,11424,Port Hacking,-34.11923,151.22667,2018-11-21 09:24:00
NSI20190916,12234,North Stradbroke,-27.345,153.562,2019-09-16 10:20:00
DAR20191105,12717,Darwin,-12.4,130.76805,2019-11-06 07:38:00
NSI20091006,1112,North Stradbroke,-27.345,153.562,2009-10-07 09:07:00
NSI20081119,1083,North Stradbroke,-27.345,153.562,2008-11-19 10:30:00
ESP20091216,1128,Esperance,-33.93333,121.85,2009-12-16 09:45:00
NSI20091015,1120,North Stradbroke,-27.345,153.562,2009-10-15 10:10:00
NSI20091101,1121,North Stradbroke,-27.345,153.562,2009-11-02 09:02:00
MAI20100615,1216,Maria Island,-42.59667,148.23333,2010-06-15 11:10:00
ESP20090512,1104,Esperance,-33.93333,121.85,2009-05-12 12:10:00
MAI20110328,1309,Maria Island,-42.59667,148.23333,2011-03-29 10:30:00
KAI20110319,1311,Kangaroo Island,-35.83217,136.44733,2011-03-20 09:40:00
NSI20110606,1330,North Stradbroke,-27.345,153.562,2011-06-06 10:00:00
KAI20111115,1368,Kangaroo Island,-35.83217,136.44733,2011-11-15 11:30:00
MAI20120524,1447,Maria Island,-42.59667,148.23333,2012-05-24 11:30:00
NSI20121114,1470,North Stradbroke,-27.345,153.562,2012-11-14 10:45:00
ESP20110512,1385,Esperance,-33.93333,121.85,2011-05-12 10:10:00
NIN20121107,1558,Ningaloo,-21.99,113.779,2012-11-07 12:00:00
YON20120615,1432,Yongala,-19.30847,147.61842,2012-06-15 10:41:00
DAR20130405,1757,Darwin,-12.4,130.76805,2013-04-05 09:40:00
NSI20140901,5621,North Stradbroke,-27.345,153.562,2014-09-01 10:10:00
ROT20140519,5831,Rottnest Island,-32,115.41667,2014-05-19 12:22:00
PHB20140824,5789,Port Hacking,-34.11923,151.22667,2014-08-25 09:57:00
NSI20150304,7385,North Stradbroke,-27.345,153.562,2015-03-04 10:30:00
ROT20140902,6695,Rottnest Island,-32,115.41667,2014-09-02 11:55:00
PHB20150121,7078,Port Hacking,-34.11923,151.22667,2015-01-22 09:48:00
PHB20150518,7862,Port Hacking,-34.11923,151.22667,2015-05-19 09:43:00
MAI20150723,7894,Maria Island,-42.59667,148.23333,2015-07-23 10:45:00
NSI20101115,1248,North Stradbroke,-27.345,153.562,2010-11-16 09:30:00
MAI20101214,1306,Maria Island,-42.59667,148.23333,2010-12-14 11:05:00
ROT20101215,1322,Rottnest Island,-32,115.41667,2010-12-15 10:20:00
MAI20120724,1450,Maria Island,-42.59667,148.23333,2012-07-24 10:50:00
MAI20120820,1451,Maria Island,-42.59667,148.23333,2012-08-20 11:15:00
ROT20111122,1394,Rottnest Island,-32,115.41667,2011-11-22 15:08:00
ROT20110826,1391,Rottnest Island,-32,115.41667,2011-08-26 09:43:00
MAI20131117,3316,Maria Island,-42.59667,148.23333,2013-11-18 10:50:00
PHB20131020,5517,Port Hacking,-34.11923,151.22667,2013-10-21 09:36:00
MAI20101001,1304,Maria Island,-42.59667,148.23333,2010-10-01 12:40:00
KAI20101120,1251,Kangaroo Island,-35.83217,136.44733,2010-11-21 05:00:00
PHB20110619,1349,Port Hacking,-34.11923,151.22667,2011-06-20 09:34:00
KAI20111026,1367,Kangaroo Island,-35.83217,136.44733,2011-10-26 14:40:00
PHB20120821,1528,Port Hacking,-34.11923,151.22667,2012-08-22 09:19:00
YON20140220,5059,Yongala,-19.30847,147.61842,2014-02-20 10:48:00
MAI20141127,7013,Maria Island,-42.59667,148.23333,2014-11-28 09:30:00
YON20150324,7631,Yongala,-19.30847,147.61842,2015-03-24 15:15:00
ROT20150507,7732,Rottnest Island,-32,115.41667,2015-05-07 09:36:00
YON20151203,8615,Yongala,-19.30847,147.61842,2015-12-03 11:00:00
YON20160215,8645,Yongala,-19.30847,147.61842,2016-02-15 10:18:00
ROT20160223,8585,Rottnest Island,-32,115.41667,2016-02-23 08:57:00
NSI20160822,8976,North Stradbroke,-27.345,153.562,2016-08-22 10:50:00
NSI20160720,8962,North Stradbroke,-27.345,153.562,2016-07-20 10:30:00
MAI20160530,8554,Maria Island,-42.59667,148.23333,2016-05-31 09:45:00
YON20160503,8675,Yongala,-19.30847,147.61842,2016-05-03 10:01:00
MAI20170601,9837,Maria Island,-42.59667,148.23333,2017-06-02 09:00:00
DAR20161107,9637,Darwin,-12.4,130.76805,2016-11-08 08:11:00
NSI20170927,10180,North Stradbroke,-27.345,153.562,2017-09-27 10:40:00
YON20171215,10848,Yongala,-19.30847,147.61842,2017-12-15 10:44:00
NSI20170516,9869,North Stradbroke,-27.345,153.562,2017-05-16 10:20:00
NSI20171023,10302,North Stradbroke,-27.345,153.562,2017-10-23 10:25:00
DAR20170715_0630,10240,Darwin,-12.4,130.76805,2017-07-15 16:00:00
ROT20161024,9174,Rottnest Island,-32,115.41667,2016-10-24 09:35:00
MAI20170626,9853,Maria Island,-42.59667,148.23333,2017-06-27 09:25:00
MAI20170921,10270,Maria Island,-42.59667,148.23333,2017-09-22 09:15:00
NSI20180302,10601,North Stradbroke,-27.345,153.562,2018-03-02 10:25:00
NSI20180320,10586,North Stradbroke,-27.345,153.562,2018-03-20 10:40:00
YON20190703,12426,Yongala,-19.30847,147.61842,2019-07-03 10:50:00
PHB20190227,11624,Port Hacking,-34.11923,151.22667,2019-02-28 10:35:00
YON20190528,12055,Yongala,-19.30847,147.61842,2019-05-28 10:25:00
KAI20190320,12009,Kangaroo Island,-35.83217,136.44733,2019-03-20 13:40:00
YON20190808,12480,Yongala,-19.30847,147.61842,2019-08-08 10:04:00
YON20191009,12510,Yongala,-19.30847,147.61842,2019-10-09 10:00:00
YON20181213,11555,Yongala,-19.30847,147.61842,2018-12-13 10:30:00
YON20180329,10939,Yongala,-19.30847,147.61842,2018-03-29 10:27:00
PHB20180221,10769,Port Hacking,-34.11923,151.22667,2018-02-22 09:18:00
MAI20200106,12962,Maria Island,-42.59667,148.23333,2020-01-07 09:45:00
NSI20180817,11364,North Stradbroke,-27.345,153.562,2018-08-17 10:20:00
NSI20181023,11409,North Stradbroke,-27.345,153.562,2018-10-23 10:30:00
YON20181123,11542,Yongala,-19.30847,147.61842,2018-11-23 10:05:00
DAR20190214_0030,11731,Darwin,-12.4,130.76805,2019-02-14 10:00:00
ROT20190306,11889,Rottnest Island,-32,115.41667,2019-03-06 10:24:00
PHB20190408,11874,Port Hacking,-34.11923,151.22667,2019-04-09 08:50:00
ROT20190527,11926,Rottnest Island,-32,115.41667,2019-05-27 09:28:00
DAR20190723_0630,12319,Darwin,-12.4,130.76805,2019-07-23 16:00:00
NSI20191024,12448,North Stradbroke,-27.345,153.562,2019-10-24 10:20:00
PHB20200224,12852,Port Hacking,-34.11923,151.22667,2020-02-25 08:52:00
MAI20090907,1109,Maria Island,-42.59667,148.23333,2009-09-07 11:25:00
MAI20100527,1217,Maria Island,-42.59667,148.23333,2010-05-27 11:30:00
ESP20100322,1220,Esperance,-33.93333,121.85,2010-03-22 09:40:00
KAI20091115,1227,Kangaroo Island,-35.83217,136.44733,2009-11-16 08:30:00
NSI20100916,1244,North Stradbroke,-27.345,153.562,2010-09-16 12:45:00
NSI20100817,1243,North Stradbroke,-27.345,153.562,2010-08-18 08:25:00
MAI20090506,1096,Maria Island,-42.59667,148.23333,2009-05-06 11:20:00
KAI20100112,1222,Kangaroo Island,-35.83217,136.44733,2010-01-13 07:00:00
PHB20100702,1228,Port Hacking,-34.11923,151.22667,2010-07-02 11:35:00
YON20100413,1235,Yongala,-19.30847,147.61842,2010-04-13 14:14:00
NSI20100411,1239,North Stradbroke,-27.345,153.562,2010-04-12 08:35:00
MAI20090716,1107,Maria Island,-42.59667,148.23333,2009-07-16 11:36:00
NSI20101018,1245,North Stradbroke,-27.345,153.562,2010-10-18 10:00:00
PHB20100413,1179,Port Hacking,-34.11923,151.22667,2010-04-14 09:18:00
ROT20100416,1224,Rottnest Island,-32,115.41667,2010-04-16 08:30:00
YON20110323,1343,Yongala,-19.30847,147.61842,2011-03-23 10:49:00
PHB20110829,1351,Port Hacking,-34.11923,151.22667,2011-08-29 10:03:00
MAI20110812,1359,Maria Island,-42.59667,148.23333,2011-08-12 10:55:00
KAI20120116,1414,Kangaroo Island,-35.83217,136.44733,2012-01-17 07:00:00
ROT20120130,1396,Rottnest Island,-32,115.41667,2012-01-30 11:09:00
ROT20120504,1728,Rottnest Island,-32,115.41667,2012-05-04 13:00:00
NIN20130806,3095,Ningaloo,-21.99,113.779,2013-08-06 14:03:00
MAI20140408,5475,Maria Island,-42.59667,148.23333,2014-04-08 11:03:00
ROT20131001,5494,Rottnest Island,-32,115.41667,2013-10-01 11:55:00
YON20140122,5045,Yongala,-19.30847,147.61842,2014-01-22 10:00:00
MAI20140807,5631,Maria Island,-42.59667,148.23333,2014-08-07 12:00:00
DAR20140403,5501,Darwin,-12.4,130.76805,2014-04-04 08:03:00
PHB20140612,5761,Port Hacking,-34.11923,151.22667,2014-06-13 09:20:00
YON20140910,5929,Yongala,-19.30847,147.61842,2014-09-10 10:35:00
KAI20141029,7108,Kangaroo Island,-35.83217,136.44733,2014-10-29 11:00:00
ROT20141014,6723,Rottnest Island,-32,115.41667,2014-10-14 11:52:00
NSI20150512,7464,North Stradbroke,-27.345,153.562,2015-05-12 10:15:00
MAI20151001,7962,Maria Island,-42.59667,148.23333,2015-10-01 11:05:00
MAI20110118,1307,Maria Island,-42.59667,148.23333,2011-01-19 10:30:00
YON20100909,1289,Yongala,-19.30847,147.61842,2010-09-09 11:00:00
NSI20110816,1355,North Stradbroke,-27.345,153.562,2011-08-16 10:00:00
PHB20111117,1364,Port Hacking,-34.11923,151.22667,2011-11-18 09:36:00
MAI20111026,1404,Maria Island,-42.59667,148.23333,2011-10-26 11:00:00
MAI20120412,1409,Maria Island,-42.59667,148.23333,2012-04-12 10:45:00
NSI20130520,1797,North Stradbroke,-27.345,153.562,2013-05-20 10:05:00
NSI20130913,3290,North Stradbroke,-27.345,153.562,2013-09-13 10:25:00
PHB20121120,3301,Port Hacking,-34.11923,151.22667,2012-11-21 09:30:00
NSI20130706,3018,North Stradbroke,-27.345,153.562,2013-07-07 09:40:00
KAI20130220,1753,Kangaroo Island,-35.83217,136.44733,2013-02-21 07:20:00
NSI20140507,5459,North Stradbroke,-27.345,153.562,2014-05-07 10:25:00
MAI20140205,5461,Maria Island,-42.59667,148.23333,2014-02-05 11:05:00
YON20120402,1435,Yongala,-19.30847,147.61842,2012-04-02 10:44:00
YON20121129,1488,Yongala,-19.30847,147.61842,2012-11-29 10:40:00
YON20130611,5446,Yongala,-19.30847,147.61842,2013-06-11 13:34:00
PHB20140515,5747,Port Hacking,-34.11923,151.22667,2014-05-16 09:35:00
NSI20141223,6966,North Stradbroke,-27.345,153.562,2014-12-23 10:35:00
ROT20140730,5945,Rottnest Island,-32,115.41667,2014-07-30 10:03:00
DAR20140906_00:30,5663,Darwin,-12.4,130.76805,2014-09-06 10:00:00
PHB20100218,1594,Port Hacking,-34.11923,151.22667,2010-02-19 09:05:00
YON20141209,7524,Yongala,-19.30847,147.61842,2014-12-09 10:04:00
PHB20150225,7338,Port Hacking,-34.11923,151.22667,2015-02-26 09:37:00
DAR20150505,7554,Darwin,-12.4,130.76805,2015-05-06 08:24:00
NSI20150528,7479,North Stradbroke,-27.345,153.562,2015-05-28 10:15:00
NSI20150624,7691,North Stradbroke,-27.345,153.562,2015-06-24 10:30:00
YON20150618,7676,Yongala,-19.30847,147.61842,2015-06-18 10:55:00
KAI20150629,7847,Kangaroo Island,-35.83217,136.44733,2015-06-30 07:35:00
PHB20150723,7947,Port Hacking,-34.11923,151.22667,2015-07-23 10:07:00
KAI20150909,8062,Kangaroo Island,-35.83217,136.44733,2015-09-09 12:50:00
NSI20150907,7817,North Stradbroke,-27.345,153.562,2015-09-07 10:40:00
DAR20160201_2130,8690,Darwin,-12.4,130.76805,2016-02-02 07:00:00
MAI20160720,8796,Maria Island,-42.59667,148.23333,2016-07-21 09:30:00
DAR20160530,8902,Darwin,-12.4,130.76805,2016-05-31 07:50:00
PHB20170419,9822,Port Hacking,-34.11923,151.22667,2017-04-19 10:00:00
MAI20180116,10466,Maria Island,-42.59667,148.23333,2018-01-17 10:30:00
NSI20170217,9487,North Stradbroke,-27.345,153.562,2017-02-17 10:30:00
YON20170816,10379,Yongala,-19.30847,147.61842,2017-08-16 10:24:00
MAI20171123,10428,Maria Island,-42.59667,148.23333,2017-11-24 09:50:00
YON20170906,10394,Yongala,-19.30847,147.61842,2017-09-06 10:00:00
MAI20170104,9409,Maria Island,-42.59667,148.23333,2017-01-05 09:45:00
NSI20171219,10447,North Stradbroke,-27.345,153.562,2017-12-19 10:45:00
ROT20161114,9441,Rottnest Island,-32,115.41667,2016-11-14 09:45:00
PHB20171211,10693,Port Hacking,-34.11923,151.22667,2017-12-12 08:54:00
YON20171025,10563,Yongala,-19.30847,147.61842,2017-10-26 09:56:00
MAI20180627,11010,Maria Island,-42.59667,148.23333,2018-06-28 09:00:00
YON20190507,12070,Yongala,-19.30847,147.61842,2019-05-07 11:30:00
ROT20190819,12410,Rottnest Island,-32,115.41667,2019-08-19 08:31:00
ROT20181024,11309,Rottnest Island,-32,115.41667,2018-10-24 09:18:00
YON20190826,12466,Yongala,-19.30847,147.61842,2019-08-26 10:40:00
YON20191202,12540,Yongala,-19.30847,147.61842,2019-12-03 09:45:00
KAI20200204,12807,Kangaroo Island,-35.83217,136.44733,2020-02-04 14:25:00
MAI20180919,11238,Maria Island,-42.59667,148.23333,2018-09-20 09:50:00
NSI20190322,11822,North Stradbroke,-27.345,153.562,2019-03-22 10:50:00
YON20180602,11121,Yongala,-19.30847,147.61842,2018-06-03 09:10:00
MAI20181204,11349,Maria Island,-42.59667,148.23333,2018-12-05 09:10:00
YON20180817,11199,Yongala,-19.30847,147.61842,2018-08-17 10:23:00
MAI20191121,12635,Maria Island,-42.59667,148.23333,2019-11-22 09:23:00
PHB20191216,12837,Port Hacking,-34.11923,151.22667,2019-12-17 09:02:00
NSI20200122,12685,North Stradbroke,-27.345,153.562,2020-01-22 10:35:00
NSI20090114,1085,North Stradbroke,-27.345,153.562,2009-01-14 10:30:00
YON20090909,1129,Yongala,-19.30847,147.61842,2009-09-09 10:40:00
NSI20100618,1241,North Stradbroke,-27.345,153.562,2010-06-18 12:30:00
NSI20090527,1089,North Stradbroke,-27.345,153.562,2009-05-27 12:03:00
MAI20091111,1116,Maria Island,-42.59667,148.23333,2009-11-11 11:30:00
PHB20091206,1144,Port Hacking,-34.11923,151.22667,2009-12-07 09:14:00
MAI20100120,1163,Maria Island,-42.59667,148.23333,2010-01-21 10:50:00
MAI20100330,1164,Maria Island,-42.59667,148.23333,2010-03-30 11:40:00
KAI20091215,1226,Kangaroo Island,-35.83217,136.44733,2009-12-16 07:15:00
PHB20110203,1287,Port Hacking,-34.11923,151.22667,2011-02-04 09:58:00
YON20101208,1291,Yongala,-19.30847,147.61842,2010-12-08 10:45:00
NSI20110623,1331,North Stradbroke,-27.345,153.562,2011-06-23 10:25:00
PHB20110517,1315,Port Hacking,-34.11923,151.22667,2011-05-18 09:25:00
NSI20111013,1353,North Stradbroke,-27.345,153.562,2011-10-13 10:30:00
PHB20111018,1363,Port Hacking,-34.11923,151.22667,2011-10-19 09:31:00
ROT20120329,3208,Rottnest Island,-32,115.41667,2012-03-29 10:03:00
NIN20120509,1745,Ningaloo,-21.99,113.779,2012-05-09 10:50:00
DAR20120417,1403,Darwin,-12.4,130.76805,2012-04-17 09:42:00
NSI20140213,3313,North Stradbroke,-27.345,153.562,2014-02-13 10:20:00
PHB20130725,4906,Port Hacking,-34.11923,151.22667,2013-07-26 09:24:00
PHB20130826,3050,Port Hacking,-34.11923,151.22667,2013-08-27 09:30:00
YON20131114,5017,Yongala,-19.30847,147.61842,2013-11-14 10:32:00
YON20131205,5031,Yongala,-19.30847,147.61842,2013-12-05 11:26:00
MAI20140516,5497,Maria Island,-42.59667,148.23333,2014-05-16 10:20:00
MAI20141029,6774,Maria Island,-42.59667,148.23333,2014-10-30 09:27:00
ROT20150924,8308,Rottnest Island,-32,115.41667,2015-09-24 10:08:00
KAI20101213,1252,Kangaroo Island,-35.83217,136.44733,2010-12-14 08:30:00
MAI20100722,1303,Maria Island,-42.59667,148.23333,2010-07-22 11:10:00
ESP20101013,1316,Esperance,-33.93333,121.85,2010-10-13 08:15:00
YON20110908,1397,Yongala,-19.30847,147.61842,2011-09-08 11:00:00
YON20111213,1399,Yongala,-19.30847,147.61842,2011-12-13 12:55:00
PHB20120311,1412,Port Hacking,-34.11923,151.22667,2012-03-12 09:00:00
ROT20110224,1324,Rottnest Island,-32,115.41667,2011-02-24 09:35:00
ESP20130314,3086,Esperance,-33.93333,121.85,2013-03-14 09:24:00
ROT20110622,1389,Rottnest Island,-32,115.41667,2011-06-22 10:00:00
ROT20120523,3207,Rottnest Island,-32,115.41667,2012-05-23 12:22:00
MAI20130424,3285,Maria Island,-42.59667,148.23333,2013-04-24 10:50:00
DAR20120730_01:30,1441,Darwin,-12.4,130.76805,2012-07-30 11:00:00
YON20120918,1492,Yongala,-19.30847,147.61842,2012-09-18 11:00:00
YON20121026,1490,Yongala,-19.30847,147.61842,2012-10-26 11:20:00
ROT20130321,3104,Rottnest Island,-32,115.41667,2013-03-21 11:34:00
KAI20140122,5624,Kangaroo Island,-35.83217,136.44733,2014-01-22 15:15:00
NSI20140917,5628,North Stradbroke,-27.345,153.562,2014-09-17 10:30:00
NSI20141107,6868,North Stradbroke,-27.345,153.562,2014-11-07 10:35:00
KAI20110718,1366,Kangaroo Island,-35.83217,136.44733,2011-07-19 09:00:00
MAI20111214,1405,Maria Island,-42.59667,148.23333,2011-12-15 10:35:00
KAI20120415,3289,Kangaroo Island,-35.83217,136.44733,2012-04-15 10:42:00
KAI20130506,1782,Kangaroo Island,-35.83217,136.44733,2013-05-07 07:55:00
DAR20130617_08:00,3068,Darwin,-12.4,130.76805,2013-06-17 17:30:00
PHB20140716,5775,Port Hacking,-34.11923,151.22667,2014-07-16 10:00:00
YON20140820,5915,Yongala,-19.30847,147.61842,2014-08-20 11:15:00
MAI20150224,7369,Maria Island,-42.59667,148.23333,2015-02-25 10:20:00
DAR20150804_04:30,8167,Darwin,-12.4,130.76805,2015-08-04 14:00:00
NSI20151216,8396,North Stradbroke,-27.345,153.562,2015-12-16 10:30:00
NSI20160120,8411,North Stradbroke,-27.345,153.562,2016-01-20 10:30:00
ROT20150701,7747,Rottnest Island,-32,115.41667,2015-07-01 09:46:00
MAI20160209,8428,Maria Island,-42.59667,148.23333,2016-02-10 10:45:00
ROT20160621,8887,Rottnest Island,-32,115.41667,2016-06-21 09:26:00
ROT20160722,9144,Rottnest Island,-32,115.41667,2016-07-22 13:20:00
YON20160927,9332,Yongala,-19.30847,147.61842,2016-09-27 10:33:00
ROT20170626,10053,Rottnest Island,-32,115.41667,2017-06-26 09:46:00
PHB20170614,9975,Port Hacking,-34.11923,151.22667,2017-06-15 08:52:00
PHB20160829,9311,Port Hacking,-34.11923,151.22667,2016-08-30 09:20:00
KAI20170315,9667,Kangaroo Island,-35.83217,136.44733,2017-03-15 12:27:00
MAI20171015,10286,Maria Island,-42.59667,148.23333,2017-10-16 09:50:00
PHB20170321,9807,Port Hacking,-34.11923,151.22667,2017-03-22 09:21:00
NSI20170627,9884,North Stradbroke,-27.345,153.562,2017-06-27 10:20:00
PHB20170921,10317,Port Hacking,-34.11923,151.22667,2017-09-22 08:48:00
YON20160823,9129,Yongala,-19.30847,147.61842,2016-08-23 10:19:00
DAR20170203_0630,9792,Darwin,-12.4,130.76805,2017-02-03 16:00:00
PHB20170821,10480,Port Hacking,-34.11923,151.22667,2017-08-22 09:50:00
ROT20181211,11491,Rottnest Island,-32,115.41667,2018-12-11 09:24:00
YON20180425,11108,Yongala,-19.30847,147.61842,2018-04-26 09:48:00
MAI20190320,11700,Maria Island,-42.59667,148.23333,2019-03-21 09:35:00
DAR20180209_0030,10537,Darwin,-12.4,130.76805,2018-02-09 10:00:00
ROT20180620,11066,Rottnest Island,-32,115.41667,2018-06-20 09:56:00
YON20190124,11568,Yongala,-19.30847,147.61842,2019-01-24 11:12:00
YON20191107,12525,Yongala,-19.30847,147.61842,2019-11-07 10:10:00
NSI20200228,12701,North Stradbroke,-27.345,153.562,2020-02-28 10:30:00
NSI20090720,1091,North Stradbroke,-27.345,153.562,2009-07-20 11:07:00
MAI20091207,1114,Maria Island,-42.59667,148.23333,2009-12-07 11:10:00
PHB20100119,1152,Port Hacking,-34.11923,151.22667,2010-01-20 09:20:00
ROT20100520,1233,Rottnest Island,-32,115.41667,2010-05-20 10:05:00
NSI20091115,1115,North Stradbroke,-27.345,153.562,2009-11-16 08:20:00
NSI20090618,1090,North Stradbroke,-27.345,153.562,2009-06-18 13:30:00
NSI20091215,1118,North Stradbroke,-27.345,153.562,2009-12-16 09:00:00
PHB20091018,1124,Port Hacking,-34.11923,151.22667,2009-10-19 09:55:00
ESP20090917,1125,Esperance,-33.93333,121.85,2009-09-17 09:40:00
MAI20110531,1357,Maria Island,-42.59667,148.23333,2011-05-31 11:38:00
YON20110527,1345,Yongala,-19.30847,147.61842,2011-05-27 10:50:00
YON20110616,1346,Yongala,-19.30847,147.61842,2011-06-16 11:25:00
YON20120112,1400,Yongala,-19.30847,147.61842,2012-01-12 11:30:00
MAI20120222,1407,Maria Island,-42.59667,148.23333,2012-02-22 11:00:00
DAR20120114_21:30,1402,Darwin,-12.4,130.76805,2012-01-15 07:00:00
DAR20121209_03:00,1484,Darwin,-12.4,130.76805,2012-12-09 12:30:00
PHB20130319,3077,Port Hacking,-34.11923,151.22667,2013-03-20 09:27:00
KAI20130423,1779,Kangaroo Island,-35.83217,136.44733,2013-04-23 13:16:00
ESP20130725,3089,Esperance,-33.93333,121.85,2013-07-25 09:57:00
PHB20131027,5518,Port Hacking,-34.11923,151.22667,2013-10-28 10:17:00
MAI20140619,5526,Maria Island,-42.59667,148.23333,2014-06-19 11:30:00
MAI20140703,5529,Maria Island,-42.59667,148.23333,2014-07-03 11:30:00
ROT20140919,6709,Rottnest Island,-32,115.41667,2014-09-19 12:57:00
KAI20150224,7569,Kangaroo Island,-35.83217,136.44733,2015-02-25 08:55:00
PHB20150630,7978,Port Hacking,-34.11923,151.22667,2015-06-30 11:11:00
MAI20110223,1308,Maria Island,-42.59667,148.23333,2011-02-23 11:15:00
NSI20110220,1300,North Stradbroke,-27.345,153.562,2011-02-21 09:40:00
NSI20111220,1365,North Stradbroke,-27.345,153.562,2011-12-21 09:15:00
KAI20120215,1415,Kangaroo Island,-35.83217,136.44733,2012-02-15 11:50:00
PHB20120917,1544,Port Hacking,-34.11923,151.22667,2012-09-18 09:38:00
MAI20120119,1406,Maria Island,-42.59667,148.23333,2012-01-19 12:00:00
MAI20120621,1449,Maria Island,-42.59667,148.23333,2012-06-21 11:00:00
ROT20110527,1388,Rottnest Island,-32,115.41667,2011-05-27 09:35:00
MAI20130611,3137,Maria Island,-42.59667,148.23333,2013-06-11 11:55:00
MAI20130924,3143,Maria Island,-42.59667,148.23333,2013-09-24 11:40:00
PHB20130227,3310,Port Hacking,-34.11923,151.22667,2013-02-28 08:03:00
YON20130131,1785,Yongala,-19.30847,147.61842,2013-01-31 10:15:00
MAI20131217,3448,Maria Island,-42.59667,148.23333,2013-12-17 11:05:00
NSI20140404,5445,North Stradbroke,-27.345,153.562,2014-04-04 10:45:00
NSI20141020,5648,North Stradbroke,-27.345,153.562,2014-10-20 10:45:00
KAI20110427,1312,Kangaroo Island,-35.83217,136.44733,2011-04-28 07:35:00
YON20110811,1348,Yongala,-19.30847,147.61842,2011-08-11 11:00:00
MAI20111005,1360,Maria Island,-42.59667,148.23333,2011-10-05 12:24:00
ROT20121019,1567,Rottnest Island,-32,115.41667,2012-10-19 09:54:00
NSI20130819,3029,North Stradbroke,-27.345,153.562,2013-08-19 10:10:00
PHB20130125,3302,Port Hacking,-34.11923,151.22667,2013-01-25 10:54:00
KAI20140507,5719,Kangaroo Island,-35.83217,136.44733,2014-05-07 13:45:00
KAI20140713,6666,Kangaroo Island,-35.83217,136.44733,2014-07-13 16:13:00
PHB20141112,7138,Port Hacking,-34.11923,151.22667,2014-11-13 09:36:00
NSI20150323,7400,North Stradbroke,-27.345,153.562,2015-03-23 11:40:00
YON20150804,7940,Yongala,-19.30847,147.61842,2015-08-04 11:45:00
NSI20151027,7910,North Stradbroke,-27.345,153.562,2015-10-27 10:50:00
NSI20160412,8520,North Stradbroke,-27.345,153.562,2016-04-12 10:45:00
ROT20160502,9023,Rottnest Island,-32,115.41667,2016-05-02 09:44:00
PHB20160615,9346,Port Hacking,-34.11923,151.22667,2016-06-15 11:06:00
DAR20160724_0730,9241,Darwin,-12.4,130.76805,2016-07-24 17:00:00
ROT20151215,8338,Rottnest Island,-32,115.41667,2015-12-15 08:22:00
NSI20170829,10149,North Stradbroke,-27.345,153.562,2017-08-29 11:50:00
PHB20161030,9577,Port Hacking,-34.11923,151.22667,2016-10-31 09:35:00
PHB20180123,10756,Port Hacking,-34.11923,151.22667,2018-01-24 09:41:00
KAI20160915,9271,Kangaroo Island,-35.83217,136.44733,2016-09-15 11:18:00
YON20161012,9472,Yongala,-19.30847,147.61842,2016-10-12 10:26:00
YON20170426,10100,Yongala,-19.30847,147.61842,2017-04-26 10:20:00
ROT20170523,10037,Rottnest Island,-32,115.41667,2017-05-23 09:53:00
MAI20180301,10631,Maria Island,-42.59667,148.23333,2018-03-02 09:30:00
ROT20170914,10347,Rottnest Island,-32,115.41667,2017-09-14 09:45:00
ROT20170303,9746,Rottnest Island,-32,115.41667,2017-03-03 10:30:00
KAI20170518,9914,Kangaroo Island,-35.83217,136.44733,2017-05-18 11:15:00
YON20180621,11323,Yongala,-19.30847,147.61842,2018-06-21 11:30:00
YON20180927,11212,Yongala,-19.30847,147.61842,2018-09-27 10:52:00
PHB20190923,12364,Port Hacking,-34.11923,151.22667,2019-09-24 09:36:00
PHB20180528,11040,Port Hacking,-34.11923,151.22667,2018-05-29 09:50:00
KAI20190514,12024,Kangaroo Island,-35.83217,136.44733,2019-05-14 15:35:00
PHB20181218,11596,Port Hacking,-34.11923,151.22667,2018-12-19 09:40:00
MAI20191210,12652,Maria Island,-42.59667,148.23333,2019-12-11 09:30:00
MAI20180605,10954,Maria Island,-42.59667,148.23333,2018-06-06 09:30:00
ROT20180719,11094,Rottnest Island,-32,115.41667,2018-07-19 09:35:00
ROT20180831,11437,Rottnest Island,-32,115.41667,2018-08-31 10:07:00
ROT20180921,11295,Rottnest Island,-32,115.41667,2018-09-21 09:27:00
ROT20191011,12555,Rottnest Island,-32,115.41667,2019-10-11 10:07:00
DAR20200203_2130,12732,Darwin,-12.4,130.76805,2020-02-04 07:00:00
NSI20090916,1106,North Stradbroke,-27.345,153.562,2009-09-17 08:30:00
YON20091215,1132,Yongala,-19.30847,147.61842,2009-12-15 11:25:00
YON20100224,1223,Yongala,-19.30847,147.61842,2010-02-24 10:58:00
PHB20100908,1253,Port Hacking,-34.11923,151.22667,2010-09-09 09:30:00
PHB20090623,1101,Port Hacking,-34.11923,151.22667,2009-06-24 09:10:00
ROT20091222,1126,Rottnest Island,-32,115.41667,2009-12-22 10:00:00
MAI20100505,1219,Maria Island,-42.59667,148.23333,2010-05-05 11:30:00
PHB20090223,1072,Port Hacking,-34.11923,151.22667,2009-02-24 09:27:00
ROT20100617,1234,Rottnest Island,-32,115.41667,2010-06-17 10:05:00
YON20110118,1294,Yongala,-19.30847,147.61842,2011-01-18 11:30:00
PHB20110228,1288,Port Hacking,-34.11923,151.22667,2011-03-01 09:30:00
PHB20110329,1313,Port Hacking,-34.11923,151.22667,2011-03-30 09:33:00
NSI20110727,1332,North Stradbroke,-27.345,153.562,2011-07-28 09:30:00
PHB20110914,1362,Port Hacking,-34.11923,151.22667,2011-09-15 09:43:00
ROT20121219,3230,Rottnest Island,-32,115.41667,2012-12-19 11:48:00
NIN20120827,1725,Ningaloo,-21.99,113.779,2012-08-27 08:05:00
PHB20130611,4913,Port Hacking,-34.11923,151.22667,2013-06-12 09:55:00
PHB20130514,3083,Port Hacking,-34.11923,151.22667,2013-05-15 09:40:00
ROT20130712,3113,Rottnest Island,-32,115.41667,2013-07-12 12:35:00
KAI20130827,3275,Kangaroo Island,-35.83217,136.44733,2013-08-28 08:55:00
DAR20130916,3041,Darwin,-12.4,130.76805,2013-09-16 11:26:00
DAR20140117_19:50,4912,Darwin,-12.4,130.76805,2014-01-18 05:20:00
PHB20140317,5493,Port Hacking,-34.11923,151.22667,2014-03-18 09:48:00
YON20140624,5887,Yongala,-19.30847,147.61842,2014-06-24 10:53:00
YON20140717,5901,Yongala,-19.30847,147.61842,2014-07-17 10:28:00
YON20150119,7539,Yongala,-19.30847,147.61842,2015-01-19 11:25:00
MAI20151118,7878,Maria Island,-42.59667,148.23333,2015-11-19 10:45:00
YON20110217,1292,Yongala,-19.30847,147.61842,2011-02-17 11:30:00
NSI20120821,1442,North Stradbroke,-27.345,153.562,2012-08-21 10:15:00
NSI20120912,1452,North Stradbroke,-27.345,153.562,2012-09-12 10:20:00
NSI20130123,1530,North Stradbroke,-27.345,153.562,2013-01-23 10:15:00
ESP20120612,1739,Esperance,-33.93333,121.85,2012-06-12 09:24:00
NSI20130326,1764,North Stradbroke,-27.345,153.562,2013-03-26 11:10:00
PHB20120628,1419,Port Hacking,-34.11923,151.22667,2012-06-28 10:00:00
PHB20121009,1541,Port Hacking,-34.11923,151.22667,2012-10-10 09:44:00
MAI20121017,1534,Maria Island,-42.59667,148.23333,2012-10-18 10:52:00
NIN20110706,1383,Ningaloo,-21.99,113.779,2011-07-06 11:04:00
ROT20110324,1325,Rottnest Island,-32,115.41667,2011-03-24 09:35:00
NIN20110501,1382,Ningaloo,-21.99,113.779,2011-05-01 08:24:00
NIN20111107,1384,Ningaloo,-21.99,113.779,2011-11-07 10:00:00
MAI20130214,3284,Maria Island,-42.59667,148.23333,2013-02-14 11:00:00
NIN20130209,1561,Ningaloo,-21.99,113.779,2013-02-09 09:22:00
NSI20140306,4909,North Stradbroke,-27.345,153.562,2014-03-06 10:15:00
YON20130719,3059,Yongala,-19.30847,147.61842,2013-07-19 11:08:00
ROT20131017,5498,Rottnest Island,-32,115.41667,2013-10-17 08:00:00
ROT20131122,4932,Rottnest Island,-32,115.41667,2013-11-22 10:26:00
MAI20140821,6576,Maria Island,-42.59667,148.23333,2014-08-21 11:50:00
YON20110414,1344,Yongala,-19.30847,147.61842,2011-04-14 11:27:00
NIN20120226,1589,Ningaloo,-21.99,113.779,2012-02-26 09:54:00
NSI20121017,1453,North Stradbroke,-27.345,153.562,2012-10-17 10:20:00
PHB20120212,1411,Port Hacking,-34.11923,151.22667,2012-02-13 10:00:00
YON20120208,1401,Yongala,-19.30847,147.61842,2012-02-08 10:49:00
ROT20140227,5516,Rottnest Island,-32,115.41667,2014-02-27 12:39:00
PHB20141021,6788,Port Hacking,-34.11923,151.22667,2014-10-22 09:30:00
ROT20150224,7307,Rottnest Island,-32,115.41667,2015-02-24 10:17:00
DAR20150316,7262,Darwin,-12.4,130.76805,2015-03-17 08:35:00
YON20150430,7646,Yongala,-19.30847,147.61842,2015-04-30 12:10:00
DAR20151117,8182,Darwin,-12.4,130.76805,2015-11-18 08:16:00
YON20150923,8077,Yongala,-19.30847,147.61842,2015-09-23 13:11:00
MAI20160303,8444,Maria Island,-42.59667,148.23333,2016-03-04 10:15:00
NSI20160318,8505,North Stradbroke,-27.345,153.562,2016-03-18 10:30:00
PHB20160201,8827,Port Hacking,-34.11923,151.22667,2016-02-02 10:52:00
YON20160321,8660,Yongala,-19.30847,147.61842,2016-03-21 10:31:00
ROT20160324,8600,Rottnest Island,-32,115.41667,2016-03-24 09:47:00
MAI20160630,8780,Maria Island,-42.59667,148.23333,2016-07-01 09:30:00
MAI20160831,8991,Maria Island,-42.59667,148.23333,2016-08-31 10:26:00
ROT20160527,8842,Rottnest Island,-32,115.41667,2016-05-27 09:30:00
PHB20151013,8262,Port Hacking,-34.11923,151.22667,2015-10-14 09:42:00
YON20151111,8231,Yongala,-19.30847,147.61842,2015-11-11 10:45:00
YON20160122,8630,Yongala,-19.30847,147.61842,2016-01-22 10:39:00
YON20160624,8947,Yongala,-19.30847,147.61842,2016-06-24 10:00:00
MAI20151216,8380,Maria Island,-42.59667,148.23333,2015-12-17 09:35:00
YON20161207,9532,Yongala,-19.30847,147.61842,2016-12-07 10:15:00
ROT20170331,10164,Rottnest Island,-32,115.41667,2017-03-31 10:24:00
MAI20170801,9929,Maria Island,-42.59667,148.23333,2017-08-01 10:01:00
PHB20170716,9990,Port Hacking,-34.11923,151.22667,2017-07-17 09:42:00
PHB20170517,9960,Port Hacking,-34.11923,151.22667,2017-05-18 09:45:00
MAI20161117,9393,Maria Island,-42.59667,148.23333,2016-11-18 09:10:00
ROT20161004,9159,Rottnest Island,-32,115.41667,2016-10-04 10:38:00
KAI20161118,9457,Kangaroo Island,-35.83217,136.44733,2016-11-18 12:45:00
PHB20161204,9592,Port Hacking,-34.11923,151.22667,2016-12-05 09:45:00
MAI20170323,9682,Maria Island,-42.59667,148.23333,2017-03-24 09:30:00
YON20170220,9562,Yongala,-19.30847,147.61842,2017-02-20 10:29:00
ROT20170428,10021,Rottnest Island,-32,115.41667,2017-04-28 09:52:00
MAI20171217,10861,Maria Island,-42.59667,148.23333,2017-12-18 09:40:00
MAI20170412,9698,Maria Island,-42.59667,148.23333,2017-04-12 10:15:00
ROT20170802,10069,Rottnest Island,-32,115.41667,2017-08-02 09:33:00
MAI20190106,11505,Maria Island,-42.59667,148.23333,2019-01-07 08:50:00
NSI20190527,11854,North Stradbroke,-27.345,153.562,2019-05-27 10:15:00
PHB20190121,11610,Port Hacking,-34.11923,151.22667,2019-01-22 09:43:00
ROT20190125,11670,Rottnest Island,-32,115.41667,2019-01-25 09:35:00
ROT20190507,11910,Rottnest Island,-32,115.41667,2019-05-07 09:40:00
NSI20191220,12669,North Stradbroke,-27.345,153.562,2019-12-20 10:20:00
PHB20180724,11081,Port Hacking,-34.11923,151.22667,2018-07-25 09:33:00
YON20180220,10729,Yongala,-19.30847,147.61842,2018-02-20 10:30:00
KAI20180307,10822,Kangaroo Island,-35.83217,136.44733,2018-03-07 12:20:00
DAR20180731_0630,11173,Darwin,-12.4,130.76805,2018-07-31 16:00:00
NSI20181115,11638,North Stradbroke,-27.345,153.562,2018-11-15 10:40:00
MAI20190624,11806,Maria Island,-42.59667,148.23333,2019-06-24 10:10:00
DAR20190529,11776,Darwin,-12.4,130.76805,2019-05-30 08:39:00
PHB20190626,11994,Port Hacking,-34.11923,151.22667,2019-06-27 09:38:00
YON20190917,12495,Yongala,-19.30847,147.61842,2019-09-17 10:10:00
PHB20191028,12603,Port Hacking,-34.11923,151.22667,2019-10-29 09:30:00
ROT20200128,12883,Rottnest Island,-32,115.41667,2020-01-28 09:39:00
PHB20090819,1103,Port Hacking,-34.11923,151.22667,2009-08-20 09:19:00
PHB20090920,1117,Port Hacking,-34.11923,151.22667,2009-09-21 09:17:00
PHB20091110,1133,Port Hacking,-34.11923,151.22667,2009-11-11 09:45:00
YON20091123,1130,Yongala,-19.30847,147.61842,2009-11-23 11:45:00
NSI20100121,1139,North Stradbroke,-27.345,153.562,2010-01-22 09:50:00
KAI20100419,1225,Kangaroo Island,-35.83217,136.44733,2010-04-20 07:00:00
PHB20101213,1255,Port Hacking,-34.11923,151.22667,2010-12-14 09:30:00
NSI20080929,1080,North Stradbroke,-27.345,153.562,2008-09-29 10:30:00
NSI20100322,1162,North Stradbroke,-27.345,153.562,2010-03-23 09:15:00
PHB20090518,1092,Port Hacking,-34.11923,151.22667,2009-05-19 09:25:00
NSI20090819,1093,North Stradbroke,-27.345,153.562,2009-08-20 08:45:00
PHB20091011,1134,Port Hacking,-34.11923,151.22667,2009-10-12 09:28:00
PHB20110420,1314,Port Hacking,-34.11923,151.22667,2011-04-21 09:36:00
MAI20110725,1358,Maria Island,-42.59667,148.23333,2011-07-25 12:15:00
PHB20110717,1350,Port Hacking,-34.11923,151.22667,2011-07-18 09:38:00
YON20110720,1347,Yongala,-19.30847,147.61842,2011-07-20 11:37:00
NSI20111116,1361,North Stradbroke,-27.345,153.562,2011-11-16 10:00:00
NSI20130111,1524,North Stradbroke,-27.345,153.562,2013-01-11 10:40:00
ROT20120824,1736,Rottnest Island,-32,115.41667,2012-08-24 11:06:00
NSI20131212,3270,North Stradbroke,-27.345,153.562,2013-12-12 10:20:00
DAR20121029,1538,Darwin,-12.4,130.76805,2012-10-30 07:51:00
YON20121219,1486,Yongala,-19.30847,147.61842,2012-12-19 10:20:00
ROT20130517,3110,Rottnest Island,-32,115.41667,2013-05-17 10:00:00
MAI20140122,5460,Maria Island,-42.59667,148.23333,2014-01-23 10:50:00
PHB20130915,3053,Port Hacking,-34.11923,151.22667,2013-09-16 08:15:00
NIN20130509,3092,Ningaloo,-21.99,113.779,2013-05-09 10:20:00
PHB20140211,5625,Port Hacking,-34.11923,151.22667,2014-02-12 09:57:00
YON20140527,5873,Yongala,-19.30847,147.61842,2014-05-27 12:12:00
PHB20141208,7093,Port Hacking,-34.11923,151.22667,2014-12-09 09:51:00
YON20141014,7494,Yongala,-19.30847,147.61842,2014-10-14 12:02:00
PHB20150330,7832,Port Hacking,-34.11923,151.22667,2015-03-31 09:32:00
MAI20150526,7615,Maria Island,-42.59667,148.23333,2015-05-26 10:35:00
YON20150601,7661,Yongala,-19.30847,147.61842,2015-06-01 12:55:00
NSI20151119,7925,North Stradbroke,-27.345,153.562,2015-11-19 10:24:00
NSI20110119,1250,North Stradbroke,-27.345,153.562,2011-01-19 10:00:00
NSI20110412,1302,North Stradbroke,-27.345,153.562,2011-04-13 09:25:00
ESP20110818,1386,Esperance,-33.93333,121.85,2011-08-18 10:20:00
ESP20111130,1387,Esperance,-33.93333,121.85,2011-11-30 14:38:00
ESP20121212,1552,Esperance,-33.93333,121.85,2012-12-12 09:10:00
DAR20130617_15:00,3019,Darwin,-12.4,130.76805,2013-06-18 00:30:00
NSI20130418,3023,North Stradbroke,-27.345,153.562,2013-04-18 10:05:00
ROT20110725,1390,Rottnest Island,-32,115.41667,2011-07-25 10:20:00
ROT20110125,1323,Rottnest Island,-32,115.41667,2011-01-25 09:10:00
ROT20120221,1587,Rottnest Island,-32,115.41667,2012-02-21 09:40:00
ROT20120928,1564,Rottnest Island,-32,115.41667,2012-09-28 11:41:00
YON20120816,1443,Yongala,-19.30847,147.61842,2012-08-16 00:00:00
YON20130220,1788,Yongala,-19.30847,147.61842,2013-02-20 10:42:00
YON20130912,3065,Yongala,-19.30847,147.61842,2013-09-12 11:26:00
PHB20140427,5733,Port Hacking,-34.11923,151.22667,2014-04-28 09:38:00
DAR20110627,1329,Darwin,-12.4,130.76805,2011-06-27 13:48:00
MAI20130129,1579,Maria Island,-42.59667,148.23333,2013-01-30 10:33:00
YON20120726,1431,Yongala,-19.30847,147.61842,2012-07-26 11:00:00
YON20131015,5003,Yongala,-19.30847,147.61842,2013-10-15 11:40:00
YON20140317,5073,Yongala,-19.30847,147.61842,2014-03-17 14:07:00
NSI20150119,6997,North Stradbroke,-27.345,153.562,2015-01-19 10:35:00
PHB20140911,5803,Port Hacking,-34.11923,151.22667,2014-09-11 10:13:00
ROT20141119,6981,Rottnest Island,-32,115.41667,2014-11-19 10:16:00
YON20141120,7509,Yongala,-19.30847,147.61842,2014-11-21 08:48:00
DAR20141130,7047,Darwin,-12.4,130.76805,2014-12-01 07:18:00
KAI20141201,7123,Kangaroo Island,-35.83217,136.44733,2014-12-02 06:05:00
ROT20141216,7277,Rottnest Island,-32,115.41667,2014-12-16 09:37:00
NSI20150817,7779,North Stradbroke,-27.345,153.562,2015-08-17 10:30:00
PHB20150819,7993,Port Hacking,-34.11923,151.22667,2015-08-19 10:03:00
NSI20160623,8765,North Stradbroke,-27.345,153.562,2016-06-23 10:30:00
PHB20160502,8917,Port Hacking,-34.11923,151.22667,2016-05-03 09:14:00
PHB20160407,8872,Port Hacking,-34.11923,151.22667,2016-04-08 09:13:00
NSI20160920,9054,North Stradbroke,-27.345,153.562,2016-09-20 10:15:00
PHB20160229,8857,Port Hacking,-34.11923,151.22667,2016-03-01 09:00:00
KAI20160223,8570,Kangaroo Island,-35.83217,136.44733,2016-02-24 07:55:00
ROT20180125,10715,Rottnest Island,-32,115.41667,2018-01-25 10:00:00
NSI20170117,9378,North Stradbroke,-27.345,153.562,2017-01-17 10:30:00
PHB20171024,10332,Port Hacking,-34.11923,151.22667,2017-10-25 09:01:00
MAI20160927,9038,Maria Island,-42.59667,148.23333,2016-09-27 10:10:00
MAI20170223,9425,Maria Island,-42.59667,148.23333,2017-02-24 08:50:00
NSI20161116,9348,North Stradbroke,-27.345,153.562,2016-11-16 10:15:00
NSI20170424,9622,North Stradbroke,-27.345,153.562,2017-04-24 11:00:00
YON20161108,9517,Yongala,-19.30847,147.61842,2016-11-08 10:50:00
ROT20181130,11477,Rottnest Island,-32,115.41667,2018-11-30 09:33:00
NSI20190618,11870,North Stradbroke,-27.345,153.562,2019-06-18 10:00:00
NSI20180530,11025,North Stradbroke,-27.345,153.562,2018-05-30 10:20:00
PHB20180905,11451,Port Hacking,-34.11923,151.22667,2018-09-05 10:50:00
KAI20181204,11529,Kangaroo Island,-35.83217,136.44733,2018-12-04 15:39:00
YON20190313,12040,Yongala,-19.30847,147.61842,2019-03-13 10:10:00
ROT20191218,12867,Rottnest Island,-32,115.41667,2019-12-18 09:15:00
PHB20190827,12349,Port Hacking,-34.11923,151.22667,2019-08-28 09:59:00
KAI20180515,10997,Kangaroo Island,-35.83217,136.44733,2018-05-16 08:15:00
KAI20190909,12334,Kangaroo Island,-35.83217,136.44733,2019-09-10 07:50:00
NSI20180718,11379,North Stradbroke,-27.345,153.562,2018-07-18 10:20:00
MAI20190430,11790,Maria Island,-42.59667,148.23333,2019-05-01 09:47:00
NSI20190416,11838,North Stradbroke,-27.345,153.562,2019-04-16 10:10:00
ROT20190711,12394,Rottnest Island,-32,115.41667,2019-07-11 09:26:00
PHB20190729,12379,Port Hacking,-34.11923,151.22667,2019-07-29 10:03:00
ROT20191126,12571,Rottnest Island,-32,115.41667,2019-11-26 09:30:00
KAI20191127,12792,Kangaroo Island,-35.83217,136.44733,2019-11-27 14:25:00
YON20200116,12917,Yongala,-19.30847,147.61842,2020-01-16 10:05:00
YON20200212,12932,Yongala,-19.30847,147.61842,2020-02-13 09:47:00
NSI20090218,1086,North Stradbroke,-27.345,153.562,2009-02-18 10:30:00
YON20100119,1137,Yongala,-19.30847,147.61842,2010-01-19 10:45:00
PHB20090924,1138,Port Hacking,-34.11923,151.22667,2009-09-25 08:45:00
NSI20100214,1140,North Stradbroke,-27.345,153.562,2010-02-15 09:30:00
PHB20100316,1153,Port Hacking,-34.11923,151.22667,2010-03-17 09:05:00
PHB20100609,1218,Port Hacking,-34.11923,151.22667,2010-06-09 10:53:00
ROT20100315,1221,Rottnest Island,-32,115.41667,2010-03-15 10:00:00
PHB20100817,1238,Port Hacking,-34.11923,151.22667,2010-08-18 09:30:00
PHB20101110,1254,Port Hacking,-34.11923,151.22667,2010-11-11 09:10:00
NSI20081030,1082,North Stradbroke,-27.345,153.562,2008-10-30 10:30:00
MAI20090421,1100,Maria Island,-42.59667,148.23333,2009-04-21 11:45:00
NSI20081217,1084,North Stradbroke,-27.345,153.562,2008-12-17 11:00:00
PHB20090422,1075,Port Hacking,-34.11923,151.22667,2009-04-23 09:38:00
PHB20090318,1074,Port Hacking,-34.11923,151.22667,2009-03-19 09:39:00
PHB20100510,1183,Port Hacking,-34.11923,151.22667,2010-05-11 09:13:00
DAR20111005,1352,Darwin,-12.4,130.76805,2011-10-05 09:31:00
NSI20120213,1379,North Stradbroke,-27.345,153.562,2012-02-14 08:00:00
ROT20110923,1392,Rottnest Island,-32,115.41667,2011-09-23 09:40:00
MAI20121112,1576,Maria Island,-42.59667,148.23333,2012-11-13 10:45:00
MAI20130313,1767,Maria Island,-42.59667,148.23333,2013-03-14 10:00:00
YON20120604,1433,Yongala,-19.30847,147.61842,2012-06-04 10:30:00
MAI20130821,3180,Maria Island,-42.59667,148.23333,2013-08-21 11:21:00
PHB20130422,3080,Port Hacking,-34.11923,151.22667,2013-04-23 09:32:00
YON20130515,1794,Yongala,-19.30847,147.61842,2013-05-15 10:30:00
YON20130808,3062,Yongala,-19.30847,147.61842,2013-08-08 10:58:00
ROT20130423,3107,Rottnest Island,-32,115.41667,2013-04-23 10:38:00
MAI20141208,7062,Maria Island,-42.59667,148.23333,2014-12-09 10:05:00
ROT20140624,5845,Rottnest Island,-32,115.41667,2014-06-24 13:16:00
ROT20150128,7292,Rottnest Island,-32,115.41667,2015-01-28 10:15:00
DAR20150203_00:30,7247,Darwin,-12.4,130.76805,2015-02-03 10:00:00
MAI20150421,7599,Maria Island,-42.59667,148.23333,2015-04-21 10:50:00
MAI20150811,8008,Maria Island,-42.59667,148.23333,2015-08-12 09:35:00
YON20150825,8032,Yongala,-19.30847,147.61842,2015-08-25 10:45:00
NSI20101215,1249,North Stradbroke,-27.345,153.562,2010-12-16 08:30:00
YON20100817,1290,Yongala,-19.30847,147.61842,2010-08-17 10:15:00
MAI20101027,1305,Maria Island,-42.59667,148.23333,2010-10-27 12:50:00
NSI20110323,1301,North Stradbroke,-27.345,153.562,2011-03-23 10:20:00
NSI20110915,1354,North Stradbroke,-27.345,153.562,2011-09-15 11:10:00
ROT20101124,1321,Rottnest Island,-32,115.41667,2010-11-24 11:07:00
NSI20120806,1436,North Stradbroke,-27.345,153.562,2012-08-06 10:15:00
PHB20111206,1410,Port Hacking,-34.11923,151.22667,2011-12-07 09:30:00
ESP20120910,1742,Esperance,-33.93333,121.85,2012-09-10 12:51:00
PHB20120717,1420,Port Hacking,-34.11923,151.22667,2012-07-17 10:00:00
NIN20110209,1342,Ningaloo,-21.99,113.779,2011-02-09 10:15:00
MAI20120326,1408,Maria Island,-42.59667,148.23333,2012-03-27 10:40:00
MAI20121002,1545,Maria Island,-42.59667,148.23333,2012-10-02 10:15:00
MAI20130807,3140,Maria Island,-42.59667,148.23333,2013-08-07 11:30:00
YON20120424,1434,Yongala,-19.30847,147.61842,2012-04-24 10:50:00
ROT20130221,3101,Rottnest Island,-32,115.41667,2013-02-21 12:55:00
MAI20140915,6680,Maria Island,-42.59667,148.23333,2014-09-16 09:20:00
KAI20140313,5633,Kangaroo Island,-35.83217,136.44733,2014-03-13 14:00:00
YON20111027,1398,Yongala,-19.30847,147.61842,2011-10-27 13:44:00
ROT20120727,1586,Rottnest Island,-32,115.41667,2012-07-27 09:55:00
KAI20111219,1413,Kangaroo Island,-35.83217,136.44733,2011-12-20 09:30:00
YON20140501,5859,Yongala,-19.30847,147.61842,2014-05-01 11:25:00
KAI20150408,7584,Kangaroo Island,-35.83217,136.44733,2015-04-09 07:11:00
KAI20151116,8197,Kangaroo Island,-35.83217,136.44733,2015-11-17 09:50:00
NSI20160517,8535,North Stradbroke,-27.345,153.562,2016-05-17 10:30:00
YON20160601,8932,Yongala,-19.30847,147.61842,2016-06-01 10:46:00
YON20160725,9114,Yongala,-19.30847,147.61842,2016-07-25 10:25:00
PHB20151115,8277,Port Hacking,-34.11923,151.22667,2015-11-16 09:33:00
PHB20160719,9296,Port Hacking,-34.11923,151.22667,2016-07-19 10:19:00
YON20151027,8092,Yongala,-19.30847,147.61842,2015-10-27 10:10:00
YON20170322,10085,Yongala,-19.30847,147.61842,2017-03-22 12:00:00
DAR20170516,9899,Darwin,-12.4,130.76805,2017-05-17 08:47:00
ROT20171103,10363,Rottnest Island,-32,115.41667,2017-11-03 09:25:00
YON20170705,10130,Yongala,-19.30847,147.61842,2017-07-05 10:21:00
MAI20180418,10651,Maria Island,-42.59667,148.23333,2018-04-19 09:30:00
YON20180130,10675,Yongala,-19.30847,147.61842,2018-01-30 10:05:00
ROT20171214,10734,Rottnest Island,-32,115.41667,2017-12-14 09:37:00
NSI20180123,10616,North Stradbroke,-27.345,153.562,2018-01-23 10:20:00
ROT20170407,10005,Rottnest Island,-32,115.41667,2017-04-07 09:28:00
YON20170120,9547,Yongala,-19.30847,147.61842,2017-01-20 10:00:00
KAI20170908,10255,Kangaroo Island,-35.83217,136.44733,2017-09-08 15:00:00
DAR20171009,10494,Darwin,-12.4,130.76805,2017-10-10 07:57:00
ROT20180511,10925,Rottnest Island,-32,115.41667,2018-05-11 09:21:00
MAI20181018,11253,Maria Island,-42.59667,148.23333,2018-10-19 08:45:00
YON20180720,11186,Yongala,-19.30847,147.61842,2018-07-20 10:56:00
NSI20190118,11654,North Stradbroke,-27.345,153.562,2019-01-18 10:40:00
YON20190213,11581,Yongala,-19.30847,147.61842,2019-02-13 10:26:00
NSI20190821,12218,North Stradbroke,-27.345,153.562,2019-08-21 10:40:00
DAR20180509,10984,Darwin,-12.4,130.76805,2018-05-10 07:02:00
YON20181011,11225,Yongala,-19.30847,147.61842,2018-10-11 10:54:00
MAI20190925,12185,Maria Island,-42.59667,148.23333,2019-09-25 10:03:00
ROT20180221,10680,Rottnest Island,-32,115.41667,2018-02-21 10:05:00
PHB20180326,10796,Port Hacking,-34.11923,151.22667,2018-03-27 09:40:00
KAI20180820,11268,Kangaroo Island,-35.83217,136.44733,2018-08-21 08:00:00
PHB20180927,11464,Port Hacking,-34.11923,151.22667,2018-09-27 10:43:00
MAI20190731,12085,Maria Island,-42.59667,148.23333,2019-07-31 10:20:00
PHB20190522,11979,Port Hacking,-34.11923,151.22667,2019-05-23 08:50:00
PHB20191118,12822,Port Hacking,-34.11923,151.22667,2019-11-19 09:15:00
MAI20200223,12979,Maria Island,-42.59667,148.23333,2020-02-24 10:30:00
